(BootstrapUtils.java:108) - Instantiating CacheAwareContextLoaderDelegate from class [org.springframework.test.context.cache.DefaultCacheAwareContextLoaderDelegate]
(BootstrapUtils.java:88) - Instantiating BootstrapContext using constructor [public org.springframework.test.context.support.DefaultBootstrapContext(java.lang.Class,org.springframework.test.context.CacheAwareContextLoaderDelegate)]
(BootstrapUtils.java:143) - Instantiating TestContextBootstrapper for test class [com.pcwk.ehr.user.UserDaoJUnit] from class [org.springframework.test.context.support.DefaultTestContextBootstrapper]
(AbstractDelegatingSmartContextLoader.java:264) - Delegating to GenericXmlContextLoader to process context configuration [ContextConfigurationAttributes@2b30a42c declaringClass = 'com.pcwk.ehr.user.UserDaoJUnit', classes = '{}', locations = '{file:src/main/webapp/WEB-INF/spring/root-context.xml, file:src/main/webapp/WEB-INF/spring/appServlet/servlet-context.xml}', inheritLocations = true, initializers = '{}', inheritInitializers = true, name = [null], contextLoaderClass = 'org.springframework.test.context.ContextLoader'].
(ActiveProfilesUtils.java:80) - Could not find an 'annotation declaring class' for annotation type [org.springframework.test.context.ActiveProfiles] and class [com.pcwk.ehr.user.UserDaoJUnit]
(AbstractTestContextBootstrapper.java:124) - @TestExecutionListeners is not present for class [com.pcwk.ehr.user.UserDaoJUnit]: using defaults.
(AbstractTestContextBootstrapper.java:245) - Loaded default TestExecutionListener class names from location [META-INF/spring.factories]: [org.springframework.test.context.web.ServletTestExecutionListener, org.springframework.test.context.support.DirtiesContextBeforeModesTestExecutionListener, org.springframework.test.context.event.ApplicationEventsTestExecutionListener, org.springframework.test.context.support.DependencyInjectionTestExecutionListener, org.springframework.test.context.support.DirtiesContextTestExecutionListener, org.springframework.test.context.transaction.TransactionalTestExecutionListener, org.springframework.test.context.jdbc.SqlScriptsTestExecutionListener, org.springframework.test.context.event.EventPublishingTestExecutionListener]
(AbstractTestContextBootstrapper.java:174) - Using TestExecutionListeners: [org.springframework.test.context.web.ServletTestExecutionListener@147e2ae7, org.springframework.test.context.support.DirtiesContextBeforeModesTestExecutionListener@448c8166, org.springframework.test.context.event.ApplicationEventsTestExecutionListener@4470fbd6, org.springframework.test.context.support.DependencyInjectionTestExecutionListener@15d49048, org.springframework.test.context.support.DirtiesContextTestExecutionListener@7098b907, org.springframework.test.context.transaction.TransactionalTestExecutionListener@503f91c3, org.springframework.test.context.jdbc.SqlScriptsTestExecutionListener@13526e59, org.springframework.test.context.event.EventPublishingTestExecutionListener@2235eaab]
(AbstractDirtiesContextTestExecutionListener.java:143) - Before test class: context [DefaultTestContext@20bd8be5 testClass = UserDaoJUnit, testInstance = [null], testMethod = [null], testException = [null], mergedContextConfiguration = [MergedContextConfiguration@730d2164 testClass = UserDaoJUnit, locations = '{file:src/main/webapp/WEB-INF/spring/root-context.xml, file:src/main/webapp/WEB-INF/spring/appServlet/servlet-context.xml}', classes = '{}', contextInitializerClasses = '[]', activeProfiles = '{}', propertySourceLocations = '{}', propertySourceProperties = '{}', contextCustomizers = set[[empty]], contextLoader = 'org.springframework.test.context.support.DelegatingSmartContextLoader', parent = [null]], attributes = map[[empty]]], class annotated with @DirtiesContext [false] with mode [null].
(DependencyInjectionTestExecutionListener.java:81) - Performing dependency injection for test context [[DefaultTestContext@20bd8be5 testClass = UserDaoJUnit, testInstance = com.pcwk.ehr.user.UserDaoJUnit@78fa769e, testMethod = [null], testException = [null], mergedContextConfiguration = [MergedContextConfiguration@730d2164 testClass = UserDaoJUnit, locations = '{file:src/main/webapp/WEB-INF/spring/root-context.xml, file:src/main/webapp/WEB-INF/spring/appServlet/servlet-context.xml}', classes = '{}', contextInitializerClasses = '[]', activeProfiles = '{}', propertySourceLocations = '{}', propertySourceProperties = '{}', contextCustomizers = set[[empty]], contextLoader = 'org.springframework.test.context.support.DelegatingSmartContextLoader', parent = [null]], attributes = map['org.springframework.test.context.event.ApplicationEventsTestExecutionListener.recordApplicationEvents' -> false]]].
(AbstractDelegatingSmartContextLoader.java:274) - Delegating to GenericXmlContextLoader to load context from [MergedContextConfiguration@730d2164 testClass = UserDaoJUnit, locations = '{file:src/main/webapp/WEB-INF/spring/root-context.xml, file:src/main/webapp/WEB-INF/spring/appServlet/servlet-context.xml}', classes = '{}', contextInitializerClasses = '[]', activeProfiles = '{}', propertySourceLocations = '{}', propertySourceProperties = '{}', contextCustomizers = set[[empty]], contextLoader = 'org.springframework.test.context.support.DelegatingSmartContextLoader', parent = [null]].
(AbstractGenericContextLoader.java:107) - Loading ApplicationContext for merged context configuration [[MergedContextConfiguration@730d2164 testClass = UserDaoJUnit, locations = '{file:src/main/webapp/WEB-INF/spring/root-context.xml, file:src/main/webapp/WEB-INF/spring/appServlet/servlet-context.xml}', classes = '{}', contextInitializerClasses = '[]', activeProfiles = '{}', propertySourceLocations = '{}', propertySourceProperties = '{}', contextCustomizers = set[[empty]], contextLoader = 'org.springframework.test.context.support.DelegatingSmartContextLoader', parent = [null]]].
(AbstractEnvironment.java:302) - Activating profiles []
(XmlBeanDefinitionReader.java:393) - Loaded 12 bean definitions from URL [file:src/main/webapp/WEB-INF/spring/root-context.xml]
(ClassPathScanningCandidateComponentProvider.java:437) - Identified candidate component class: file [D:\JAP_20240909\04_SPRING\WORKSPACE\DOTOLI_v1.3\target\classes\com\pcwk\ehr\email\controller\EmailController.class]
(ClassPathScanningCandidateComponentProvider.java:437) - Identified candidate component class: file [D:\JAP_20240909\04_SPRING\WORKSPACE\DOTOLI_v1.3\target\classes\com\pcwk\ehr\email\dao\EmailDaoJdbc.class]
(ClassPathScanningCandidateComponentProvider.java:437) - Identified candidate component class: file [D:\JAP_20240909\04_SPRING\WORKSPACE\DOTOLI_v1.3\target\classes\com\pcwk\ehr\email\service\EmailServiceImpl.class]
(ClassPathScanningCandidateComponentProvider.java:437) - Identified candidate component class: file [D:\JAP_20240909\04_SPRING\WORKSPACE\DOTOLI_v1.3\target\classes\com\pcwk\ehr\main\controller\MainController.class]
(ClassPathScanningCandidateComponentProvider.java:437) - Identified candidate component class: file [D:\JAP_20240909\04_SPRING\WORKSPACE\DOTOLI_v1.3\target\classes\com\pcwk\ehr\user\controller\UserController.class]
(ClassPathScanningCandidateComponentProvider.java:437) - Identified candidate component class: file [D:\JAP_20240909\04_SPRING\WORKSPACE\DOTOLI_v1.3\target\classes\com\pcwk\ehr\user\dao\UserDaoJdbc.class]
(ClassPathScanningCandidateComponentProvider.java:437) - Identified candidate component class: file [D:\JAP_20240909\04_SPRING\WORKSPACE\DOTOLI_v1.3\target\classes\com\pcwk\ehr\user\service\UserServiceImpl.class]
(XmlBeanDefinitionReader.java:393) - Loaded 37 bean definitions from URL [file:src/main/webapp/WEB-INF/spring/appServlet/servlet-context.xml]
(DefaultSingletonBeanRegistry.java:225) - Creating shared instance of singleton bean 'org.springframework.context.annotation.internalConfigurationAnnotationProcessor'
(DefaultSingletonBeanRegistry.java:225) - Creating shared instance of singleton bean 'org.springframework.context.event.internalEventListenerProcessor'
(DefaultSingletonBeanRegistry.java:225) - Creating shared instance of singleton bean 'org.springframework.transaction.config.internalTransactionalEventListenerFactory'
(DefaultSingletonBeanRegistry.java:225) - Creating shared instance of singleton bean 'org.springframework.context.event.internalEventListenerFactory'
(DefaultSingletonBeanRegistry.java:225) - Creating shared instance of singleton bean 'org.springframework.context.annotation.internalAutowiredAnnotationProcessor'
(DefaultSingletonBeanRegistry.java:225) - Creating shared instance of singleton bean 'org.springframework.context.annotation.internalCommonAnnotationProcessor'
(DefaultSingletonBeanRegistry.java:225) - Creating shared instance of singleton bean 'org.springframework.aop.config.internalAutoProxyCreator'
(DefaultSingletonBeanRegistry.java:225) - Creating shared instance of singleton bean 'org.springframework.transaction.annotation.AnnotationTransactionAttributeSource#0'
(DefaultSingletonBeanRegistry.java:225) - Creating shared instance of singleton bean 'org.springframework.transaction.config.internalTransactionAdvisor'
(DefaultSingletonBeanRegistry.java:225) - Creating shared instance of singleton bean 'org.springframework.transaction.annotation.AnnotationTransactionAttributeSource#0'
(DefaultSingletonBeanRegistry.java:225) - Creating shared instance of singleton bean 'org.springframework.aop.support.DefaultBeanFactoryPointcutAdvisor#0'
(DefaultSingletonBeanRegistry.java:225) - Creating shared instance of singleton bean 'org.springframework.transaction.config.internalTransactionAdvisor'
(DefaultSingletonBeanRegistry.java:225) - Creating shared instance of singleton bean 'org.springframework.transaction.interceptor.TransactionInterceptor#0'
(DefaultSingletonBeanRegistry.java:225) - Creating shared instance of singleton bean 'txAdvice'
(DefaultSingletonBeanRegistry.java:225) - Creating shared instance of singleton bean 'transactionManager'
(DefaultSingletonBeanRegistry.java:225) - Creating shared instance of singleton bean 'dataSource'
(Log4j2SpyLogDelegator.java:372) - log4jdbc-logj2 properties initialization...
(Log4j2SpyLogDelegator.java:372) - Using logger: null
(Log4j2SpyLogDelegator.java:372) - x log4jdbc.debug.stack.prefix is not defined
(Log4j2SpyLogDelegator.java:372) - x log4jdbc.sqltiming.warn.threshold is not defined
(Log4j2SpyLogDelegator.java:372) - x log4jdbc.sqltiming.error.threshold is not defined
(Log4j2SpyLogDelegator.java:372) - x log4jdbc.dump.booleanastruefalse is not defined (using default value false)
(Log4j2SpyLogDelegator.java:372) - x log4jdbc.dump.sql.maxlinelength is not defined (using default of 90)
(Log4j2SpyLogDelegator.java:372) - x log4jdbc.dump.fulldebugstacktrace is not defined (using default value false)
(Log4j2SpyLogDelegator.java:372) - x log4jdbc.statement.warn is not defined (using default value false)
(Log4j2SpyLogDelegator.java:372) - x log4jdbc.dump.sql.select is not defined (using default value true)
(Log4j2SpyLogDelegator.java:372) - x log4jdbc.dump.sql.insert is not defined (using default value true)
(Log4j2SpyLogDelegator.java:372) - x log4jdbc.dump.sql.update is not defined (using default value true)
(Log4j2SpyLogDelegator.java:372) - x log4jdbc.dump.sql.delete is not defined (using default value true)
(Log4j2SpyLogDelegator.java:372) - x log4jdbc.dump.sql.create is not defined (using default value true)
(Log4j2SpyLogDelegator.java:372) - x log4jdbc.dump.sql.addsemicolon is not defined (using default value false)
(Log4j2SpyLogDelegator.java:372) - x log4jdbc.auto.load.popular.drivers is not defined (using default value true)
(Log4j2SpyLogDelegator.java:372) - x log4jdbc.drivers is not defined
(Log4j2SpyLogDelegator.java:372) - x log4jdbc.trim.sql is not defined (using default value true)
(Log4j2SpyLogDelegator.java:372) - x log4jdbc.trim.sql.extrablanklines is not defined (using default value true)
(Log4j2SpyLogDelegator.java:372) - x log4jdbc.suppress.generated.keys.exception is not defined (using default value false)
(Log4j2SpyLogDelegator.java:372) - log4jdbc-logj2 properties initialization done.
(Log4j2SpyLogDelegator.java:372) - DriverSpy intialization...
(Log4j2SpyLogDelegator.java:372) -   FOUND DRIVER oracle.jdbc.OracleDriver
(Log4j2SpyLogDelegator.java:372) -   FOUND DRIVER oracle.jdbc.driver.OracleDriver
(Log4j2SpyLogDelegator.java:372) - DriverSpy intialization done.
(DefaultSingletonBeanRegistry.java:225) - Creating shared instance of singleton bean 'mailSenderImpl'
(DefaultSingletonBeanRegistry.java:225) - Creating shared instance of singleton bean 'jdbcTemplate'
(DefaultSingletonBeanRegistry.java:225) - Creating shared instance of singleton bean 'mvcContentNegotiationManager'
(DefaultSingletonBeanRegistry.java:225) - Creating shared instance of singleton bean 'org.springframework.web.servlet.mvc.method.annotation.RequestMappingHandlerMapping'
(DefaultSingletonBeanRegistry.java:225) - Creating shared instance of singleton bean 'mvcCorsConfigurations'
(DefaultSingletonBeanRegistry.java:225) - Creating shared instance of singleton bean 'org.springframework.web.servlet.handler.MappedInterceptor#0'
(DefaultSingletonBeanRegistry.java:225) - Creating shared instance of singleton bean 'org.springframework.format.support.FormattingConversionServiceFactoryBean#0'
(DefaultSingletonBeanRegistry.java:225) - Creating shared instance of singleton bean 'org.springframework.web.servlet.handler.MappedInterceptor#1'
(AbstractHandlerMethodMapping.java:367) - 11 mappings in 'org.springframework.web.servlet.mvc.method.annotation.RequestMappingHandlerMapping'
(DefaultSingletonBeanRegistry.java:225) - Creating shared instance of singleton bean 'org.springframework.web.servlet.mvc.method.annotation.RequestMappingHandlerAdapter'
(RequestMappingHandlerAdapter.java:623) - ControllerAdvice beans: none
(DefaultSingletonBeanRegistry.java:225) - Creating shared instance of singleton bean 'mvcUriComponentsContributor'
(RequestMappingHandlerAdapter.java:623) - ControllerAdvice beans: none
(DefaultSingletonBeanRegistry.java:225) - Creating shared instance of singleton bean 'org.springframework.web.servlet.mvc.method.annotation.ExceptionHandlerExceptionResolver#0'
(ExceptionHandlerExceptionResolver.java:304) - ControllerAdvice beans: none
(DefaultSingletonBeanRegistry.java:225) - Creating shared instance of singleton bean 'org.springframework.web.servlet.mvc.annotation.ResponseStatusExceptionResolver#0'
(DefaultSingletonBeanRegistry.java:225) - Creating shared instance of singleton bean 'org.springframework.web.servlet.mvc.support.DefaultHandlerExceptionResolver#0'
(DefaultSingletonBeanRegistry.java:225) - Creating shared instance of singleton bean 'org.springframework.web.servlet.handler.BeanNameUrlHandlerMapping'
(AbstractDetectingUrlHandlerMapping.java:86) - 'org.springframework.web.servlet.handler.BeanNameUrlHandlerMapping' {}
(DefaultSingletonBeanRegistry.java:225) - Creating shared instance of singleton bean 'org.springframework.web.servlet.mvc.HttpRequestHandlerAdapter'
(DefaultSingletonBeanRegistry.java:225) - Creating shared instance of singleton bean 'org.springframework.web.servlet.mvc.SimpleControllerHandlerAdapter'
(DefaultSingletonBeanRegistry.java:225) - Creating shared instance of singleton bean 'localeResolver'
(DefaultSingletonBeanRegistry.java:225) - Creating shared instance of singleton bean 'themeResolver'
(DefaultSingletonBeanRegistry.java:225) - Creating shared instance of singleton bean 'viewNameTranslator'
(DefaultSingletonBeanRegistry.java:225) - Creating shared instance of singleton bean 'flashMapManager'
(DefaultSingletonBeanRegistry.java:225) - Creating shared instance of singleton bean 'mvcResourceUrlProvider'
(DefaultSingletonBeanRegistry.java:225) - Creating shared instance of singleton bean 'mvcPathMatcher'
(DefaultSingletonBeanRegistry.java:225) - Creating shared instance of singleton bean 'mvcUrlPathHelper'
(DefaultSingletonBeanRegistry.java:225) - Creating shared instance of singleton bean 'org.springframework.web.servlet.resource.ResourceHttpRequestHandler#0'
(DefaultSingletonBeanRegistry.java:225) - Creating shared instance of singleton bean 'org.springframework.web.servlet.handler.SimpleUrlHandlerMapping#0'
(SimpleUrlHandlerMapping.java:177) - 'org.springframework.web.servlet.handler.SimpleUrlHandlerMapping#0' {/resources/**=ResourceHttpRequestHandler [classpath [resources/]]}
(DefaultSingletonBeanRegistry.java:225) - Creating shared instance of singleton bean 'org.springframework.web.servlet.view.InternalResourceViewResolver#0'
(DefaultSingletonBeanRegistry.java:225) - Creating shared instance of singleton bean 'emailController'
(DefaultSingletonBeanRegistry.java:225) - Creating shared instance of singleton bean 'emailServiceImpl'
(DefaultSingletonBeanRegistry.java:225) - Creating shared instance of singleton bean 'emailDaoJdbc'
(DefaultSingletonBeanRegistry.java:225) - Creating shared instance of singleton bean 'userServiceImpl'
(DefaultSingletonBeanRegistry.java:225) - Creating shared instance of singleton bean 'userDaoJdbc'
(DefaultSingletonBeanRegistry.java:225) - Creating shared instance of singleton bean 'mainController'
(DefaultSingletonBeanRegistry.java:225) - Creating shared instance of singleton bean 'userController'
(UserController.java:40) - ┌───────────────────────────────────────┐
(UserController.java:41) - │    **UserController() 생성**           │
(UserController.java:42) - └───────────────────────────────────────┘
(DefaultCacheAwareContextLoaderDelegate.java:92) - Storing ApplicationContext [2068897588] in cache under key [[MergedContextConfiguration@730d2164 testClass = UserDaoJUnit, locations = '{file:src/main/webapp/WEB-INF/spring/root-context.xml, file:src/main/webapp/WEB-INF/spring/appServlet/servlet-context.xml}', classes = '{}', contextInitializerClasses = '[]', activeProfiles = '{}', propertySourceLocations = '{}', propertySourceProperties = '{}', contextCustomizers = set[[empty]], contextLoader = 'org.springframework.test.context.support.DelegatingSmartContextLoader', parent = [null]]]
(DefaultContextCache.java:290) - Spring test ApplicationContext cache statistics: [DefaultContextCache@6f099cef size = 1, maxSize = 32, parentContextCount = 0, hitCount = 0, missCount = 1]
(DefaultCacheAwareContextLoaderDelegate.java:103) - Retrieved ApplicationContext [2068897588] from cache with key [[MergedContextConfiguration@730d2164 testClass = UserDaoJUnit, locations = '{file:src/main/webapp/WEB-INF/spring/root-context.xml, file:src/main/webapp/WEB-INF/spring/appServlet/servlet-context.xml}', classes = '{}', contextInitializerClasses = '[]', activeProfiles = '{}', propertySourceLocations = '{}', propertySourceProperties = '{}', contextCustomizers = set[[empty]], contextLoader = 'org.springframework.test.context.support.DelegatingSmartContextLoader', parent = [null]]]
(DefaultContextCache.java:290) - Spring test ApplicationContext cache statistics: [DefaultContextCache@6f099cef size = 1, maxSize = 32, parentContextCount = 0, hitCount = 1, missCount = 1]
(DependencyInjectionTestExecutionListener.java:81) - Performing dependency injection for test context [[DefaultTestContext@20bd8be5 testClass = UserDaoJUnit, testInstance = com.pcwk.ehr.user.UserDaoJUnit@27b22f74, testMethod = [null], testException = [null], mergedContextConfiguration = [MergedContextConfiguration@730d2164 testClass = UserDaoJUnit, locations = '{file:src/main/webapp/WEB-INF/spring/root-context.xml, file:src/main/webapp/WEB-INF/spring/appServlet/servlet-context.xml}', classes = '{}', contextInitializerClasses = '[]', activeProfiles = '{}', propertySourceLocations = '{}', propertySourceProperties = '{}', contextCustomizers = set[[empty]], contextLoader = 'org.springframework.test.context.support.DelegatingSmartContextLoader', parent = [null]], attributes = map['org.springframework.test.context.event.ApplicationEventsTestExecutionListener.recordApplicationEvents' -> false]]].
(DefaultCacheAwareContextLoaderDelegate.java:103) - Retrieved ApplicationContext [2068897588] from cache with key [[MergedContextConfiguration@730d2164 testClass = UserDaoJUnit, locations = '{file:src/main/webapp/WEB-INF/spring/root-context.xml, file:src/main/webapp/WEB-INF/spring/appServlet/servlet-context.xml}', classes = '{}', contextInitializerClasses = '[]', activeProfiles = '{}', propertySourceLocations = '{}', propertySourceProperties = '{}', contextCustomizers = set[[empty]], contextLoader = 'org.springframework.test.context.support.DelegatingSmartContextLoader', parent = [null]]]
(DefaultContextCache.java:290) - Spring test ApplicationContext cache statistics: [DefaultContextCache@6f099cef size = 1, maxSize = 32, parentContextCount = 0, hitCount = 2, missCount = 1]
(DefaultCacheAwareContextLoaderDelegate.java:103) - Retrieved ApplicationContext [2068897588] from cache with key [[MergedContextConfiguration@730d2164 testClass = UserDaoJUnit, locations = '{file:src/main/webapp/WEB-INF/spring/root-context.xml, file:src/main/webapp/WEB-INF/spring/appServlet/servlet-context.xml}', classes = '{}', contextInitializerClasses = '[]', activeProfiles = '{}', propertySourceLocations = '{}', propertySourceProperties = '{}', contextCustomizers = set[[empty]], contextLoader = 'org.springframework.test.context.support.DelegatingSmartContextLoader', parent = [null]]]
(DefaultContextCache.java:290) - Spring test ApplicationContext cache statistics: [DefaultContextCache@6f099cef size = 1, maxSize = 32, parentContextCount = 0, hitCount = 3, missCount = 1]
(DependencyInjectionTestExecutionListener.java:81) - Performing dependency injection for test context [[DefaultTestContext@20bd8be5 testClass = UserDaoJUnit, testInstance = com.pcwk.ehr.user.UserDaoJUnit@1917d90f, testMethod = [null], testException = [null], mergedContextConfiguration = [MergedContextConfiguration@730d2164 testClass = UserDaoJUnit, locations = '{file:src/main/webapp/WEB-INF/spring/root-context.xml, file:src/main/webapp/WEB-INF/spring/appServlet/servlet-context.xml}', classes = '{}', contextInitializerClasses = '[]', activeProfiles = '{}', propertySourceLocations = '{}', propertySourceProperties = '{}', contextCustomizers = set[[empty]], contextLoader = 'org.springframework.test.context.support.DelegatingSmartContextLoader', parent = [null]], attributes = map['org.springframework.test.context.event.ApplicationEventsTestExecutionListener.recordApplicationEvents' -> false]]].
(DefaultCacheAwareContextLoaderDelegate.java:103) - Retrieved ApplicationContext [2068897588] from cache with key [[MergedContextConfiguration@730d2164 testClass = UserDaoJUnit, locations = '{file:src/main/webapp/WEB-INF/spring/root-context.xml, file:src/main/webapp/WEB-INF/spring/appServlet/servlet-context.xml}', classes = '{}', contextInitializerClasses = '[]', activeProfiles = '{}', propertySourceLocations = '{}', propertySourceProperties = '{}', contextCustomizers = set[[empty]], contextLoader = 'org.springframework.test.context.support.DelegatingSmartContextLoader', parent = [null]]]
(DefaultContextCache.java:290) - Spring test ApplicationContext cache statistics: [DefaultContextCache@6f099cef size = 1, maxSize = 32, parentContextCount = 0, hitCount = 4, missCount = 1]
(DefaultCacheAwareContextLoaderDelegate.java:103) - Retrieved ApplicationContext [2068897588] from cache with key [[MergedContextConfiguration@730d2164 testClass = UserDaoJUnit, locations = '{file:src/main/webapp/WEB-INF/spring/root-context.xml, file:src/main/webapp/WEB-INF/spring/appServlet/servlet-context.xml}', classes = '{}', contextInitializerClasses = '[]', activeProfiles = '{}', propertySourceLocations = '{}', propertySourceProperties = '{}', contextCustomizers = set[[empty]], contextLoader = 'org.springframework.test.context.support.DelegatingSmartContextLoader', parent = [null]]]
(DefaultContextCache.java:290) - Spring test ApplicationContext cache statistics: [DefaultContextCache@6f099cef size = 1, maxSize = 32, parentContextCount = 0, hitCount = 5, missCount = 1]
(DependencyInjectionTestExecutionListener.java:81) - Performing dependency injection for test context [[DefaultTestContext@20bd8be5 testClass = UserDaoJUnit, testInstance = com.pcwk.ehr.user.UserDaoJUnit@4aac85fa, testMethod = [null], testException = [null], mergedContextConfiguration = [MergedContextConfiguration@730d2164 testClass = UserDaoJUnit, locations = '{file:src/main/webapp/WEB-INF/spring/root-context.xml, file:src/main/webapp/WEB-INF/spring/appServlet/servlet-context.xml}', classes = '{}', contextInitializerClasses = '[]', activeProfiles = '{}', propertySourceLocations = '{}', propertySourceProperties = '{}', contextCustomizers = set[[empty]], contextLoader = 'org.springframework.test.context.support.DelegatingSmartContextLoader', parent = [null]], attributes = map['org.springframework.test.context.event.ApplicationEventsTestExecutionListener.recordApplicationEvents' -> false]]].
(DefaultCacheAwareContextLoaderDelegate.java:103) - Retrieved ApplicationContext [2068897588] from cache with key [[MergedContextConfiguration@730d2164 testClass = UserDaoJUnit, locations = '{file:src/main/webapp/WEB-INF/spring/root-context.xml, file:src/main/webapp/WEB-INF/spring/appServlet/servlet-context.xml}', classes = '{}', contextInitializerClasses = '[]', activeProfiles = '{}', propertySourceLocations = '{}', propertySourceProperties = '{}', contextCustomizers = set[[empty]], contextLoader = 'org.springframework.test.context.support.DelegatingSmartContextLoader', parent = [null]]]
(DefaultContextCache.java:290) - Spring test ApplicationContext cache statistics: [DefaultContextCache@6f099cef size = 1, maxSize = 32, parentContextCount = 0, hitCount = 6, missCount = 1]
(DefaultCacheAwareContextLoaderDelegate.java:103) - Retrieved ApplicationContext [2068897588] from cache with key [[MergedContextConfiguration@730d2164 testClass = UserDaoJUnit, locations = '{file:src/main/webapp/WEB-INF/spring/root-context.xml, file:src/main/webapp/WEB-INF/spring/appServlet/servlet-context.xml}', classes = '{}', contextInitializerClasses = '[]', activeProfiles = '{}', propertySourceLocations = '{}', propertySourceProperties = '{}', contextCustomizers = set[[empty]], contextLoader = 'org.springframework.test.context.support.DelegatingSmartContextLoader', parent = [null]]]
(DefaultContextCache.java:290) - Spring test ApplicationContext cache statistics: [DefaultContextCache@6f099cef size = 1, maxSize = 32, parentContextCount = 0, hitCount = 7, missCount = 1]
(AbstractDirtiesContextTestExecutionListener.java:108) - Before test method: context [DefaultTestContext@20bd8be5 testClass = UserDaoJUnit, testInstance = com.pcwk.ehr.user.UserDaoJUnit@4aac85fa, testMethod = doSelectEamil_By_Name_Phone@UserDaoJUnit, testException = [null], mergedContextConfiguration = [MergedContextConfiguration@730d2164 testClass = UserDaoJUnit, locations = '{file:src/main/webapp/WEB-INF/spring/root-context.xml, file:src/main/webapp/WEB-INF/spring/appServlet/servlet-context.xml}', classes = '{}', contextInitializerClasses = '[]', activeProfiles = '{}', propertySourceLocations = '{}', propertySourceProperties = '{}', contextCustomizers = set[[empty]], contextLoader = 'org.springframework.test.context.support.DelegatingSmartContextLoader', parent = [null]], attributes = map['org.springframework.test.context.event.ApplicationEventsTestExecutionListener.recordApplicationEvents' -> false]], class annotated with @DirtiesContext [false] with mode [null], method annotated with @DirtiesContext [false] with mode [null].
(DefaultCacheAwareContextLoaderDelegate.java:103) - Retrieved ApplicationContext [2068897588] from cache with key [[MergedContextConfiguration@730d2164 testClass = UserDaoJUnit, locations = '{file:src/main/webapp/WEB-INF/spring/root-context.xml, file:src/main/webapp/WEB-INF/spring/appServlet/servlet-context.xml}', classes = '{}', contextInitializerClasses = '[]', activeProfiles = '{}', propertySourceLocations = '{}', propertySourceProperties = '{}', contextCustomizers = set[[empty]], contextLoader = 'org.springframework.test.context.support.DelegatingSmartContextLoader', parent = [null]]]
(DefaultContextCache.java:290) - Spring test ApplicationContext cache statistics: [DefaultContextCache@6f099cef size = 1, maxSize = 32, parentContextCount = 0, hitCount = 8, missCount = 1]
(UserDaoJUnit.java:55) - context:org.springframework.context.support.GenericApplicationContext@7b50df34, started on Fri Dec 13 14:38:21 KST 2024
(DefaultCacheAwareContextLoaderDelegate.java:103) - Retrieved ApplicationContext [2068897588] from cache with key [[MergedContextConfiguration@730d2164 testClass = UserDaoJUnit, locations = '{file:src/main/webapp/WEB-INF/spring/root-context.xml, file:src/main/webapp/WEB-INF/spring/appServlet/servlet-context.xml}', classes = '{}', contextInitializerClasses = '[]', activeProfiles = '{}', propertySourceLocations = '{}', propertySourceProperties = '{}', contextCustomizers = set[[empty]], contextLoader = 'org.springframework.test.context.support.DelegatingSmartContextLoader', parent = [null]]]
(DefaultContextCache.java:290) - Spring test ApplicationContext cache statistics: [DefaultContextCache@6f099cef size = 1, maxSize = 32, parentContextCount = 0, hitCount = 9, missCount = 1]
(JdbcTemplate.java:711) - Executing prepared SQL query
(JdbcTemplate.java:640) - Executing prepared SQL statement [SELECT email     
  FROM member    
 WHERE name = ?  
   AND phone = ? 
]
(DataSourceUtils.java:117) - Fetching JDBC Connection from DataSource
(DefaultCacheAwareContextLoaderDelegate.java:103) - Retrieved ApplicationContext [2068897588] from cache with key [[MergedContextConfiguration@730d2164 testClass = UserDaoJUnit, locations = '{file:src/main/webapp/WEB-INF/spring/root-context.xml, file:src/main/webapp/WEB-INF/spring/appServlet/servlet-context.xml}', classes = '{}', contextInitializerClasses = '[]', activeProfiles = '{}', propertySourceLocations = '{}', propertySourceProperties = '{}', contextCustomizers = set[[empty]], contextLoader = 'org.springframework.test.context.support.DelegatingSmartContextLoader', parent = [null]]]
(DefaultContextCache.java:290) - Spring test ApplicationContext cache statistics: [DefaultContextCache@6f099cef size = 1, maxSize = 32, parentContextCount = 0, hitCount = 10, missCount = 1]
(UserDaoJUnit.java:412) - ==========================================================
(UserDaoJUnit.java:413) - =@After=
(UserDaoJUnit.java:414) - ==========================================================
(DefaultCacheAwareContextLoaderDelegate.java:103) - Retrieved ApplicationContext [2068897588] from cache with key [[MergedContextConfiguration@730d2164 testClass = UserDaoJUnit, locations = '{file:src/main/webapp/WEB-INF/spring/root-context.xml, file:src/main/webapp/WEB-INF/spring/appServlet/servlet-context.xml}', classes = '{}', contextInitializerClasses = '[]', activeProfiles = '{}', propertySourceLocations = '{}', propertySourceProperties = '{}', contextCustomizers = set[[empty]], contextLoader = 'org.springframework.test.context.support.DelegatingSmartContextLoader', parent = [null]]]
(DefaultContextCache.java:290) - Spring test ApplicationContext cache statistics: [DefaultContextCache@6f099cef size = 1, maxSize = 32, parentContextCount = 0, hitCount = 11, missCount = 1]
(AbstractDirtiesContextTestExecutionListener.java:108) - After test method: context [DefaultTestContext@20bd8be5 testClass = UserDaoJUnit, testInstance = com.pcwk.ehr.user.UserDaoJUnit@4aac85fa, testMethod = doSelectEamil_By_Name_Phone@UserDaoJUnit, testException = [null], mergedContextConfiguration = [MergedContextConfiguration@730d2164 testClass = UserDaoJUnit, locations = '{file:src/main/webapp/WEB-INF/spring/root-context.xml, file:src/main/webapp/WEB-INF/spring/appServlet/servlet-context.xml}', classes = '{}', contextInitializerClasses = '[]', activeProfiles = '{}', propertySourceLocations = '{}', propertySourceProperties = '{}', contextCustomizers = set[[empty]], contextLoader = 'org.springframework.test.context.support.DelegatingSmartContextLoader', parent = [null]], attributes = map['org.springframework.test.context.event.ApplicationEventsTestExecutionListener.recordApplicationEvents' -> false]], class annotated with @DirtiesContext [false] with mode [null], method annotated with @DirtiesContext [false] with mode [null].
(DependencyInjectionTestExecutionListener.java:81) - Performing dependency injection for test context [[DefaultTestContext@20bd8be5 testClass = UserDaoJUnit, testInstance = com.pcwk.ehr.user.UserDaoJUnit@6d303498, testMethod = [null], testException = [null], mergedContextConfiguration = [MergedContextConfiguration@730d2164 testClass = UserDaoJUnit, locations = '{file:src/main/webapp/WEB-INF/spring/root-context.xml, file:src/main/webapp/WEB-INF/spring/appServlet/servlet-context.xml}', classes = '{}', contextInitializerClasses = '[]', activeProfiles = '{}', propertySourceLocations = '{}', propertySourceProperties = '{}', contextCustomizers = set[[empty]], contextLoader = 'org.springframework.test.context.support.DelegatingSmartContextLoader', parent = [null]], attributes = map['org.springframework.test.context.event.ApplicationEventsTestExecutionListener.recordApplicationEvents' -> false]]].
(DefaultCacheAwareContextLoaderDelegate.java:103) - Retrieved ApplicationContext [2068897588] from cache with key [[MergedContextConfiguration@730d2164 testClass = UserDaoJUnit, locations = '{file:src/main/webapp/WEB-INF/spring/root-context.xml, file:src/main/webapp/WEB-INF/spring/appServlet/servlet-context.xml}', classes = '{}', contextInitializerClasses = '[]', activeProfiles = '{}', propertySourceLocations = '{}', propertySourceProperties = '{}', contextCustomizers = set[[empty]], contextLoader = 'org.springframework.test.context.support.DelegatingSmartContextLoader', parent = [null]]]
(DefaultContextCache.java:290) - Spring test ApplicationContext cache statistics: [DefaultContextCache@6f099cef size = 1, maxSize = 32, parentContextCount = 0, hitCount = 12, missCount = 1]
(DefaultCacheAwareContextLoaderDelegate.java:103) - Retrieved ApplicationContext [2068897588] from cache with key [[MergedContextConfiguration@730d2164 testClass = UserDaoJUnit, locations = '{file:src/main/webapp/WEB-INF/spring/root-context.xml, file:src/main/webapp/WEB-INF/spring/appServlet/servlet-context.xml}', classes = '{}', contextInitializerClasses = '[]', activeProfiles = '{}', propertySourceLocations = '{}', propertySourceProperties = '{}', contextCustomizers = set[[empty]], contextLoader = 'org.springframework.test.context.support.DelegatingSmartContextLoader', parent = [null]]]
(DefaultContextCache.java:290) - Spring test ApplicationContext cache statistics: [DefaultContextCache@6f099cef size = 1, maxSize = 32, parentContextCount = 0, hitCount = 13, missCount = 1]
(DependencyInjectionTestExecutionListener.java:81) - Performing dependency injection for test context [[DefaultTestContext@20bd8be5 testClass = UserDaoJUnit, testInstance = com.pcwk.ehr.user.UserDaoJUnit@3419e23b, testMethod = [null], testException = [null], mergedContextConfiguration = [MergedContextConfiguration@730d2164 testClass = UserDaoJUnit, locations = '{file:src/main/webapp/WEB-INF/spring/root-context.xml, file:src/main/webapp/WEB-INF/spring/appServlet/servlet-context.xml}', classes = '{}', contextInitializerClasses = '[]', activeProfiles = '{}', propertySourceLocations = '{}', propertySourceProperties = '{}', contextCustomizers = set[[empty]], contextLoader = 'org.springframework.test.context.support.DelegatingSmartContextLoader', parent = [null]], attributes = map['org.springframework.test.context.event.ApplicationEventsTestExecutionListener.recordApplicationEvents' -> false]]].
(DefaultCacheAwareContextLoaderDelegate.java:103) - Retrieved ApplicationContext [2068897588] from cache with key [[MergedContextConfiguration@730d2164 testClass = UserDaoJUnit, locations = '{file:src/main/webapp/WEB-INF/spring/root-context.xml, file:src/main/webapp/WEB-INF/spring/appServlet/servlet-context.xml}', classes = '{}', contextInitializerClasses = '[]', activeProfiles = '{}', propertySourceLocations = '{}', propertySourceProperties = '{}', contextCustomizers = set[[empty]], contextLoader = 'org.springframework.test.context.support.DelegatingSmartContextLoader', parent = [null]]]
(DefaultContextCache.java:290) - Spring test ApplicationContext cache statistics: [DefaultContextCache@6f099cef size = 1, maxSize = 32, parentContextCount = 0, hitCount = 14, missCount = 1]
(DefaultCacheAwareContextLoaderDelegate.java:103) - Retrieved ApplicationContext [2068897588] from cache with key [[MergedContextConfiguration@730d2164 testClass = UserDaoJUnit, locations = '{file:src/main/webapp/WEB-INF/spring/root-context.xml, file:src/main/webapp/WEB-INF/spring/appServlet/servlet-context.xml}', classes = '{}', contextInitializerClasses = '[]', activeProfiles = '{}', propertySourceLocations = '{}', propertySourceProperties = '{}', contextCustomizers = set[[empty]], contextLoader = 'org.springframework.test.context.support.DelegatingSmartContextLoader', parent = [null]]]
(DefaultContextCache.java:290) - Spring test ApplicationContext cache statistics: [DefaultContextCache@6f099cef size = 1, maxSize = 32, parentContextCount = 0, hitCount = 15, missCount = 1]
(DependencyInjectionTestExecutionListener.java:81) - Performing dependency injection for test context [[DefaultTestContext@20bd8be5 testClass = UserDaoJUnit, testInstance = com.pcwk.ehr.user.UserDaoJUnit@1d75e7af, testMethod = [null], testException = [null], mergedContextConfiguration = [MergedContextConfiguration@730d2164 testClass = UserDaoJUnit, locations = '{file:src/main/webapp/WEB-INF/spring/root-context.xml, file:src/main/webapp/WEB-INF/spring/appServlet/servlet-context.xml}', classes = '{}', contextInitializerClasses = '[]', activeProfiles = '{}', propertySourceLocations = '{}', propertySourceProperties = '{}', contextCustomizers = set[[empty]], contextLoader = 'org.springframework.test.context.support.DelegatingSmartContextLoader', parent = [null]], attributes = map['org.springframework.test.context.event.ApplicationEventsTestExecutionListener.recordApplicationEvents' -> false]]].
(DefaultCacheAwareContextLoaderDelegate.java:103) - Retrieved ApplicationContext [2068897588] from cache with key [[MergedContextConfiguration@730d2164 testClass = UserDaoJUnit, locations = '{file:src/main/webapp/WEB-INF/spring/root-context.xml, file:src/main/webapp/WEB-INF/spring/appServlet/servlet-context.xml}', classes = '{}', contextInitializerClasses = '[]', activeProfiles = '{}', propertySourceLocations = '{}', propertySourceProperties = '{}', contextCustomizers = set[[empty]], contextLoader = 'org.springframework.test.context.support.DelegatingSmartContextLoader', parent = [null]]]
(DefaultContextCache.java:290) - Spring test ApplicationContext cache statistics: [DefaultContextCache@6f099cef size = 1, maxSize = 32, parentContextCount = 0, hitCount = 16, missCount = 1]
(DefaultCacheAwareContextLoaderDelegate.java:103) - Retrieved ApplicationContext [2068897588] from cache with key [[MergedContextConfiguration@730d2164 testClass = UserDaoJUnit, locations = '{file:src/main/webapp/WEB-INF/spring/root-context.xml, file:src/main/webapp/WEB-INF/spring/appServlet/servlet-context.xml}', classes = '{}', contextInitializerClasses = '[]', activeProfiles = '{}', propertySourceLocations = '{}', propertySourceProperties = '{}', contextCustomizers = set[[empty]], contextLoader = 'org.springframework.test.context.support.DelegatingSmartContextLoader', parent = [null]]]
(DefaultContextCache.java:290) - Spring test ApplicationContext cache statistics: [DefaultContextCache@6f099cef size = 1, maxSize = 32, parentContextCount = 0, hitCount = 17, missCount = 1]
(AbstractDirtiesContextTestExecutionListener.java:108) - Before test method: context [DefaultTestContext@20bd8be5 testClass = UserDaoJUnit, testInstance = com.pcwk.ehr.user.UserDaoJUnit@1d75e7af, testMethod = beans@UserDaoJUnit, testException = [null], mergedContextConfiguration = [MergedContextConfiguration@730d2164 testClass = UserDaoJUnit, locations = '{file:src/main/webapp/WEB-INF/spring/root-context.xml, file:src/main/webapp/WEB-INF/spring/appServlet/servlet-context.xml}', classes = '{}', contextInitializerClasses = '[]', activeProfiles = '{}', propertySourceLocations = '{}', propertySourceProperties = '{}', contextCustomizers = set[[empty]], contextLoader = 'org.springframework.test.context.support.DelegatingSmartContextLoader', parent = [null]], attributes = map['org.springframework.test.context.event.ApplicationEventsTestExecutionListener.recordApplicationEvents' -> false]], class annotated with @DirtiesContext [false] with mode [null], method annotated with @DirtiesContext [false] with mode [null].
(DefaultCacheAwareContextLoaderDelegate.java:103) - Retrieved ApplicationContext [2068897588] from cache with key [[MergedContextConfiguration@730d2164 testClass = UserDaoJUnit, locations = '{file:src/main/webapp/WEB-INF/spring/root-context.xml, file:src/main/webapp/WEB-INF/spring/appServlet/servlet-context.xml}', classes = '{}', contextInitializerClasses = '[]', activeProfiles = '{}', propertySourceLocations = '{}', propertySourceProperties = '{}', contextCustomizers = set[[empty]], contextLoader = 'org.springframework.test.context.support.DelegatingSmartContextLoader', parent = [null]]]
(DefaultContextCache.java:290) - Spring test ApplicationContext cache statistics: [DefaultContextCache@6f099cef size = 1, maxSize = 32, parentContextCount = 0, hitCount = 18, missCount = 1]
(UserDaoJUnit.java:55) - context:org.springframework.context.support.GenericApplicationContext@7b50df34, started on Fri Dec 13 14:38:21 KST 2024
(DefaultCacheAwareContextLoaderDelegate.java:103) - Retrieved ApplicationContext [2068897588] from cache with key [[MergedContextConfiguration@730d2164 testClass = UserDaoJUnit, locations = '{file:src/main/webapp/WEB-INF/spring/root-context.xml, file:src/main/webapp/WEB-INF/spring/appServlet/servlet-context.xml}', classes = '{}', contextInitializerClasses = '[]', activeProfiles = '{}', propertySourceLocations = '{}', propertySourceProperties = '{}', contextCustomizers = set[[empty]], contextLoader = 'org.springframework.test.context.support.DelegatingSmartContextLoader', parent = [null]]]
(DefaultContextCache.java:290) - Spring test ApplicationContext cache statistics: [DefaultContextCache@6f099cef size = 1, maxSize = 32, parentContextCount = 0, hitCount = 19, missCount = 1]
(DefaultCacheAwareContextLoaderDelegate.java:103) - Retrieved ApplicationContext [2068897588] from cache with key [[MergedContextConfiguration@730d2164 testClass = UserDaoJUnit, locations = '{file:src/main/webapp/WEB-INF/spring/root-context.xml, file:src/main/webapp/WEB-INF/spring/appServlet/servlet-context.xml}', classes = '{}', contextInitializerClasses = '[]', activeProfiles = '{}', propertySourceLocations = '{}', propertySourceProperties = '{}', contextCustomizers = set[[empty]], contextLoader = 'org.springframework.test.context.support.DelegatingSmartContextLoader', parent = [null]]]
(DefaultContextCache.java:290) - Spring test ApplicationContext cache statistics: [DefaultContextCache@6f099cef size = 1, maxSize = 32, parentContextCount = 0, hitCount = 20, missCount = 1]
(UserDaoJUnit.java:412) - ==========================================================
(UserDaoJUnit.java:413) - =@After=
(UserDaoJUnit.java:414) - ==========================================================
(DefaultCacheAwareContextLoaderDelegate.java:103) - Retrieved ApplicationContext [2068897588] from cache with key [[MergedContextConfiguration@730d2164 testClass = UserDaoJUnit, locations = '{file:src/main/webapp/WEB-INF/spring/root-context.xml, file:src/main/webapp/WEB-INF/spring/appServlet/servlet-context.xml}', classes = '{}', contextInitializerClasses = '[]', activeProfiles = '{}', propertySourceLocations = '{}', propertySourceProperties = '{}', contextCustomizers = set[[empty]], contextLoader = 'org.springframework.test.context.support.DelegatingSmartContextLoader', parent = [null]]]
(DefaultContextCache.java:290) - Spring test ApplicationContext cache statistics: [DefaultContextCache@6f099cef size = 1, maxSize = 32, parentContextCount = 0, hitCount = 21, missCount = 1]
(AbstractDirtiesContextTestExecutionListener.java:108) - After test method: context [DefaultTestContext@20bd8be5 testClass = UserDaoJUnit, testInstance = com.pcwk.ehr.user.UserDaoJUnit@1d75e7af, testMethod = beans@UserDaoJUnit, testException = [null], mergedContextConfiguration = [MergedContextConfiguration@730d2164 testClass = UserDaoJUnit, locations = '{file:src/main/webapp/WEB-INF/spring/root-context.xml, file:src/main/webapp/WEB-INF/spring/appServlet/servlet-context.xml}', classes = '{}', contextInitializerClasses = '[]', activeProfiles = '{}', propertySourceLocations = '{}', propertySourceProperties = '{}', contextCustomizers = set[[empty]], contextLoader = 'org.springframework.test.context.support.DelegatingSmartContextLoader', parent = [null]], attributes = map['org.springframework.test.context.event.ApplicationEventsTestExecutionListener.recordApplicationEvents' -> false]], class annotated with @DirtiesContext [false] with mode [null], method annotated with @DirtiesContext [false] with mode [null].
(DependencyInjectionTestExecutionListener.java:81) - Performing dependency injection for test context [[DefaultTestContext@20bd8be5 testClass = UserDaoJUnit, testInstance = com.pcwk.ehr.user.UserDaoJUnit@1b9776f5, testMethod = [null], testException = [null], mergedContextConfiguration = [MergedContextConfiguration@730d2164 testClass = UserDaoJUnit, locations = '{file:src/main/webapp/WEB-INF/spring/root-context.xml, file:src/main/webapp/WEB-INF/spring/appServlet/servlet-context.xml}', classes = '{}', contextInitializerClasses = '[]', activeProfiles = '{}', propertySourceLocations = '{}', propertySourceProperties = '{}', contextCustomizers = set[[empty]], contextLoader = 'org.springframework.test.context.support.DelegatingSmartContextLoader', parent = [null]], attributes = map['org.springframework.test.context.event.ApplicationEventsTestExecutionListener.recordApplicationEvents' -> false]]].
(DefaultCacheAwareContextLoaderDelegate.java:103) - Retrieved ApplicationContext [2068897588] from cache with key [[MergedContextConfiguration@730d2164 testClass = UserDaoJUnit, locations = '{file:src/main/webapp/WEB-INF/spring/root-context.xml, file:src/main/webapp/WEB-INF/spring/appServlet/servlet-context.xml}', classes = '{}', contextInitializerClasses = '[]', activeProfiles = '{}', propertySourceLocations = '{}', propertySourceProperties = '{}', contextCustomizers = set[[empty]], contextLoader = 'org.springframework.test.context.support.DelegatingSmartContextLoader', parent = [null]]]
(DefaultContextCache.java:290) - Spring test ApplicationContext cache statistics: [DefaultContextCache@6f099cef size = 1, maxSize = 32, parentContextCount = 0, hitCount = 22, missCount = 1]
(DefaultCacheAwareContextLoaderDelegate.java:103) - Retrieved ApplicationContext [2068897588] from cache with key [[MergedContextConfiguration@730d2164 testClass = UserDaoJUnit, locations = '{file:src/main/webapp/WEB-INF/spring/root-context.xml, file:src/main/webapp/WEB-INF/spring/appServlet/servlet-context.xml}', classes = '{}', contextInitializerClasses = '[]', activeProfiles = '{}', propertySourceLocations = '{}', propertySourceProperties = '{}', contextCustomizers = set[[empty]], contextLoader = 'org.springframework.test.context.support.DelegatingSmartContextLoader', parent = [null]]]
(DefaultContextCache.java:290) - Spring test ApplicationContext cache statistics: [DefaultContextCache@6f099cef size = 1, maxSize = 32, parentContextCount = 0, hitCount = 23, missCount = 1]
(DependencyInjectionTestExecutionListener.java:81) - Performing dependency injection for test context [[DefaultTestContext@20bd8be5 testClass = UserDaoJUnit, testInstance = com.pcwk.ehr.user.UserDaoJUnit@79d9214d, testMethod = [null], testException = [null], mergedContextConfiguration = [MergedContextConfiguration@730d2164 testClass = UserDaoJUnit, locations = '{file:src/main/webapp/WEB-INF/spring/root-context.xml, file:src/main/webapp/WEB-INF/spring/appServlet/servlet-context.xml}', classes = '{}', contextInitializerClasses = '[]', activeProfiles = '{}', propertySourceLocations = '{}', propertySourceProperties = '{}', contextCustomizers = set[[empty]], contextLoader = 'org.springframework.test.context.support.DelegatingSmartContextLoader', parent = [null]], attributes = map['org.springframework.test.context.event.ApplicationEventsTestExecutionListener.recordApplicationEvents' -> false]]].
(DefaultCacheAwareContextLoaderDelegate.java:103) - Retrieved ApplicationContext [2068897588] from cache with key [[MergedContextConfiguration@730d2164 testClass = UserDaoJUnit, locations = '{file:src/main/webapp/WEB-INF/spring/root-context.xml, file:src/main/webapp/WEB-INF/spring/appServlet/servlet-context.xml}', classes = '{}', contextInitializerClasses = '[]', activeProfiles = '{}', propertySourceLocations = '{}', propertySourceProperties = '{}', contextCustomizers = set[[empty]], contextLoader = 'org.springframework.test.context.support.DelegatingSmartContextLoader', parent = [null]]]
(DefaultContextCache.java:290) - Spring test ApplicationContext cache statistics: [DefaultContextCache@6f099cef size = 1, maxSize = 32, parentContextCount = 0, hitCount = 24, missCount = 1]
(DefaultCacheAwareContextLoaderDelegate.java:103) - Retrieved ApplicationContext [2068897588] from cache with key [[MergedContextConfiguration@730d2164 testClass = UserDaoJUnit, locations = '{file:src/main/webapp/WEB-INF/spring/root-context.xml, file:src/main/webapp/WEB-INF/spring/appServlet/servlet-context.xml}', classes = '{}', contextInitializerClasses = '[]', activeProfiles = '{}', propertySourceLocations = '{}', propertySourceProperties = '{}', contextCustomizers = set[[empty]], contextLoader = 'org.springframework.test.context.support.DelegatingSmartContextLoader', parent = [null]]]
(DefaultContextCache.java:290) - Spring test ApplicationContext cache statistics: [DefaultContextCache@6f099cef size = 1, maxSize = 32, parentContextCount = 0, hitCount = 25, missCount = 1]
(AbstractDirtiesContextTestExecutionListener.java:108) - Before test method: context [DefaultTestContext@20bd8be5 testClass = UserDaoJUnit, testInstance = com.pcwk.ehr.user.UserDaoJUnit@79d9214d, testMethod = isExistsEmail@UserDaoJUnit, testException = [null], mergedContextConfiguration = [MergedContextConfiguration@730d2164 testClass = UserDaoJUnit, locations = '{file:src/main/webapp/WEB-INF/spring/root-context.xml, file:src/main/webapp/WEB-INF/spring/appServlet/servlet-context.xml}', classes = '{}', contextInitializerClasses = '[]', activeProfiles = '{}', propertySourceLocations = '{}', propertySourceProperties = '{}', contextCustomizers = set[[empty]], contextLoader = 'org.springframework.test.context.support.DelegatingSmartContextLoader', parent = [null]], attributes = map['org.springframework.test.context.event.ApplicationEventsTestExecutionListener.recordApplicationEvents' -> false]], class annotated with @DirtiesContext [false] with mode [null], method annotated with @DirtiesContext [false] with mode [null].
(DefaultCacheAwareContextLoaderDelegate.java:103) - Retrieved ApplicationContext [2068897588] from cache with key [[MergedContextConfiguration@730d2164 testClass = UserDaoJUnit, locations = '{file:src/main/webapp/WEB-INF/spring/root-context.xml, file:src/main/webapp/WEB-INF/spring/appServlet/servlet-context.xml}', classes = '{}', contextInitializerClasses = '[]', activeProfiles = '{}', propertySourceLocations = '{}', propertySourceProperties = '{}', contextCustomizers = set[[empty]], contextLoader = 'org.springframework.test.context.support.DelegatingSmartContextLoader', parent = [null]]]
(DefaultContextCache.java:290) - Spring test ApplicationContext cache statistics: [DefaultContextCache@6f099cef size = 1, maxSize = 32, parentContextCount = 0, hitCount = 26, missCount = 1]
(UserDaoJUnit.java:55) - context:org.springframework.context.support.GenericApplicationContext@7b50df34, started on Fri Dec 13 14:38:21 KST 2024
(DefaultCacheAwareContextLoaderDelegate.java:103) - Retrieved ApplicationContext [2068897588] from cache with key [[MergedContextConfiguration@730d2164 testClass = UserDaoJUnit, locations = '{file:src/main/webapp/WEB-INF/spring/root-context.xml, file:src/main/webapp/WEB-INF/spring/appServlet/servlet-context.xml}', classes = '{}', contextInitializerClasses = '[]', activeProfiles = '{}', propertySourceLocations = '{}', propertySourceProperties = '{}', contextCustomizers = set[[empty]], contextLoader = 'org.springframework.test.context.support.DelegatingSmartContextLoader', parent = [null]]]
(DefaultContextCache.java:290) - Spring test ApplicationContext cache statistics: [DefaultContextCache@6f099cef size = 1, maxSize = 32, parentContextCount = 0, hitCount = 27, missCount = 1]
(JdbcTemplate.java:538) - Executing SQL update [ DELETE FROM member 
]
(DataSourceUtils.java:117) - Fetching JDBC Connection from DataSource
(JdbcTemplate.java:538) - Executing SQL update [ DELETE FROM email_auth 
]
(DataSourceUtils.java:117) - Fetching JDBC Connection from DataSource
(EmailDaoJdbc.java:74) - 총 삭제 건수 :4
(JdbcTemplate.java:443) - Executing SQL query [ SELECT COUNT(*) totalCnt 
 FROM  member             
]
(DataSourceUtils.java:117) - Fetching JDBC Connection from DataSource
(UserDaoJdbc.java:198) - 1. count:0
(EmailDaoJdbc.java:102) - 1.param:
(EmailDaoJdbc.java:104) - test01@gmail.com
(JdbcTemplate.java:958) - Executing prepared SQL update
(JdbcTemplate.java:640) - Executing prepared SQL statement [INSERT INTO email_auth (email) VALUES (?) ]
(DataSourceUtils.java:117) - Fetching JDBC Connection from DataSource
(EmailDaoJdbc.java:108) - 2.flag:1
(UserDaoJdbc.java:235) - 1.param:
(UserDaoJdbc.java:237) - test01@gmail.com
(UserDaoJdbc.java:237) - 이영민01
(UserDaoJdbc.java:237) - 01093409421
(UserDaoJdbc.java:237) - 영민01
(UserDaoJdbc.java:237) - 인천 주안1동
(JdbcTemplate.java:958) - Executing prepared SQL update
(JdbcTemplate.java:640) - Executing prepared SQL statement [  INSERT INTO member ( 
     email,            
     name,             
     phone,            
     nickname,         
     address           
 ) VALUES ( ?,         
            ?,         
            ?,         
            ?,         
            ?      )   
]
(DataSourceUtils.java:117) - Fetching JDBC Connection from DataSource
(UserDaoJdbc.java:241) - 2.flag:1
(JdbcTemplate.java:443) - Executing SQL query [ SELECT COUNT(*) totalCnt 
 FROM  member             
]
(DataSourceUtils.java:117) - Fetching JDBC Connection from DataSource
(UserDaoJdbc.java:198) - 1. count:1
(JdbcTemplate.java:711) - Executing prepared SQL query
(JdbcTemplate.java:640) - Executing prepared SQL statement [SELECT COUNT(*) 
FROM member     
WHERE email = ? 
]
(DataSourceUtils.java:117) - Fetching JDBC Connection from DataSource
(DefaultCacheAwareContextLoaderDelegate.java:103) - Retrieved ApplicationContext [2068897588] from cache with key [[MergedContextConfiguration@730d2164 testClass = UserDaoJUnit, locations = '{file:src/main/webapp/WEB-INF/spring/root-context.xml, file:src/main/webapp/WEB-INF/spring/appServlet/servlet-context.xml}', classes = '{}', contextInitializerClasses = '[]', activeProfiles = '{}', propertySourceLocations = '{}', propertySourceProperties = '{}', contextCustomizers = set[[empty]], contextLoader = 'org.springframework.test.context.support.DelegatingSmartContextLoader', parent = [null]]]
(DefaultContextCache.java:290) - Spring test ApplicationContext cache statistics: [DefaultContextCache@6f099cef size = 1, maxSize = 32, parentContextCount = 0, hitCount = 28, missCount = 1]
(UserDaoJUnit.java:412) - ==========================================================
(UserDaoJUnit.java:413) - =@After=
(UserDaoJUnit.java:414) - ==========================================================
(DefaultCacheAwareContextLoaderDelegate.java:103) - Retrieved ApplicationContext [2068897588] from cache with key [[MergedContextConfiguration@730d2164 testClass = UserDaoJUnit, locations = '{file:src/main/webapp/WEB-INF/spring/root-context.xml, file:src/main/webapp/WEB-INF/spring/appServlet/servlet-context.xml}', classes = '{}', contextInitializerClasses = '[]', activeProfiles = '{}', propertySourceLocations = '{}', propertySourceProperties = '{}', contextCustomizers = set[[empty]], contextLoader = 'org.springframework.test.context.support.DelegatingSmartContextLoader', parent = [null]]]
(DefaultContextCache.java:290) - Spring test ApplicationContext cache statistics: [DefaultContextCache@6f099cef size = 1, maxSize = 32, parentContextCount = 0, hitCount = 29, missCount = 1]
(AbstractDirtiesContextTestExecutionListener.java:108) - After test method: context [DefaultTestContext@20bd8be5 testClass = UserDaoJUnit, testInstance = com.pcwk.ehr.user.UserDaoJUnit@79d9214d, testMethod = isExistsEmail@UserDaoJUnit, testException = [null], mergedContextConfiguration = [MergedContextConfiguration@730d2164 testClass = UserDaoJUnit, locations = '{file:src/main/webapp/WEB-INF/spring/root-context.xml, file:src/main/webapp/WEB-INF/spring/appServlet/servlet-context.xml}', classes = '{}', contextInitializerClasses = '[]', activeProfiles = '{}', propertySourceLocations = '{}', propertySourceProperties = '{}', contextCustomizers = set[[empty]], contextLoader = 'org.springframework.test.context.support.DelegatingSmartContextLoader', parent = [null]], attributes = map['org.springframework.test.context.event.ApplicationEventsTestExecutionListener.recordApplicationEvents' -> false]], class annotated with @DirtiesContext [false] with mode [null], method annotated with @DirtiesContext [false] with mode [null].
(DependencyInjectionTestExecutionListener.java:81) - Performing dependency injection for test context [[DefaultTestContext@20bd8be5 testClass = UserDaoJUnit, testInstance = com.pcwk.ehr.user.UserDaoJUnit@e8e0dec, testMethod = [null], testException = [null], mergedContextConfiguration = [MergedContextConfiguration@730d2164 testClass = UserDaoJUnit, locations = '{file:src/main/webapp/WEB-INF/spring/root-context.xml, file:src/main/webapp/WEB-INF/spring/appServlet/servlet-context.xml}', classes = '{}', contextInitializerClasses = '[]', activeProfiles = '{}', propertySourceLocations = '{}', propertySourceProperties = '{}', contextCustomizers = set[[empty]], contextLoader = 'org.springframework.test.context.support.DelegatingSmartContextLoader', parent = [null]], attributes = map['org.springframework.test.context.event.ApplicationEventsTestExecutionListener.recordApplicationEvents' -> false]]].
(DefaultCacheAwareContextLoaderDelegate.java:103) - Retrieved ApplicationContext [2068897588] from cache with key [[MergedContextConfiguration@730d2164 testClass = UserDaoJUnit, locations = '{file:src/main/webapp/WEB-INF/spring/root-context.xml, file:src/main/webapp/WEB-INF/spring/appServlet/servlet-context.xml}', classes = '{}', contextInitializerClasses = '[]', activeProfiles = '{}', propertySourceLocations = '{}', propertySourceProperties = '{}', contextCustomizers = set[[empty]], contextLoader = 'org.springframework.test.context.support.DelegatingSmartContextLoader', parent = [null]]]
(DefaultContextCache.java:290) - Spring test ApplicationContext cache statistics: [DefaultContextCache@6f099cef size = 1, maxSize = 32, parentContextCount = 0, hitCount = 30, missCount = 1]
(DefaultCacheAwareContextLoaderDelegate.java:103) - Retrieved ApplicationContext [2068897588] from cache with key [[MergedContextConfiguration@730d2164 testClass = UserDaoJUnit, locations = '{file:src/main/webapp/WEB-INF/spring/root-context.xml, file:src/main/webapp/WEB-INF/spring/appServlet/servlet-context.xml}', classes = '{}', contextInitializerClasses = '[]', activeProfiles = '{}', propertySourceLocations = '{}', propertySourceProperties = '{}', contextCustomizers = set[[empty]], contextLoader = 'org.springframework.test.context.support.DelegatingSmartContextLoader', parent = [null]]]
(DefaultContextCache.java:290) - Spring test ApplicationContext cache statistics: [DefaultContextCache@6f099cef size = 1, maxSize = 32, parentContextCount = 0, hitCount = 31, missCount = 1]
(DependencyInjectionTestExecutionListener.java:81) - Performing dependency injection for test context [[DefaultTestContext@20bd8be5 testClass = UserDaoJUnit, testInstance = com.pcwk.ehr.user.UserDaoJUnit@75fa1be3, testMethod = [null], testException = [null], mergedContextConfiguration = [MergedContextConfiguration@730d2164 testClass = UserDaoJUnit, locations = '{file:src/main/webapp/WEB-INF/spring/root-context.xml, file:src/main/webapp/WEB-INF/spring/appServlet/servlet-context.xml}', classes = '{}', contextInitializerClasses = '[]', activeProfiles = '{}', propertySourceLocations = '{}', propertySourceProperties = '{}', contextCustomizers = set[[empty]], contextLoader = 'org.springframework.test.context.support.DelegatingSmartContextLoader', parent = [null]], attributes = map['org.springframework.test.context.event.ApplicationEventsTestExecutionListener.recordApplicationEvents' -> false]]].
(DefaultCacheAwareContextLoaderDelegate.java:103) - Retrieved ApplicationContext [2068897588] from cache with key [[MergedContextConfiguration@730d2164 testClass = UserDaoJUnit, locations = '{file:src/main/webapp/WEB-INF/spring/root-context.xml, file:src/main/webapp/WEB-INF/spring/appServlet/servlet-context.xml}', classes = '{}', contextInitializerClasses = '[]', activeProfiles = '{}', propertySourceLocations = '{}', propertySourceProperties = '{}', contextCustomizers = set[[empty]], contextLoader = 'org.springframework.test.context.support.DelegatingSmartContextLoader', parent = [null]]]
(DefaultContextCache.java:290) - Spring test ApplicationContext cache statistics: [DefaultContextCache@6f099cef size = 1, maxSize = 32, parentContextCount = 0, hitCount = 32, missCount = 1]
(DefaultCacheAwareContextLoaderDelegate.java:103) - Retrieved ApplicationContext [2068897588] from cache with key [[MergedContextConfiguration@730d2164 testClass = UserDaoJUnit, locations = '{file:src/main/webapp/WEB-INF/spring/root-context.xml, file:src/main/webapp/WEB-INF/spring/appServlet/servlet-context.xml}', classes = '{}', contextInitializerClasses = '[]', activeProfiles = '{}', propertySourceLocations = '{}', propertySourceProperties = '{}', contextCustomizers = set[[empty]], contextLoader = 'org.springframework.test.context.support.DelegatingSmartContextLoader', parent = [null]]]
(DefaultContextCache.java:290) - Spring test ApplicationContext cache statistics: [DefaultContextCache@6f099cef size = 1, maxSize = 32, parentContextCount = 0, hitCount = 33, missCount = 1]
(DefaultCacheAwareContextLoaderDelegate.java:103) - Retrieved ApplicationContext [2068897588] from cache with key [[MergedContextConfiguration@730d2164 testClass = UserDaoJUnit, locations = '{file:src/main/webapp/WEB-INF/spring/root-context.xml, file:src/main/webapp/WEB-INF/spring/appServlet/servlet-context.xml}', classes = '{}', contextInitializerClasses = '[]', activeProfiles = '{}', propertySourceLocations = '{}', propertySourceProperties = '{}', contextCustomizers = set[[empty]], contextLoader = 'org.springframework.test.context.support.DelegatingSmartContextLoader', parent = [null]]]
(DefaultContextCache.java:290) - Spring test ApplicationContext cache statistics: [DefaultContextCache@6f099cef size = 1, maxSize = 32, parentContextCount = 0, hitCount = 34, missCount = 1]
(AbstractDirtiesContextTestExecutionListener.java:143) - After test class: context [DefaultTestContext@20bd8be5 testClass = UserDaoJUnit, testInstance = [null], testMethod = [null], testException = [null], mergedContextConfiguration = [MergedContextConfiguration@730d2164 testClass = UserDaoJUnit, locations = '{file:src/main/webapp/WEB-INF/spring/root-context.xml, file:src/main/webapp/WEB-INF/spring/appServlet/servlet-context.xml}', classes = '{}', contextInitializerClasses = '[]', activeProfiles = '{}', propertySourceLocations = '{}', propertySourceProperties = '{}', contextCustomizers = set[[empty]], contextLoader = 'org.springframework.test.context.support.DelegatingSmartContextLoader', parent = [null]], attributes = map['org.springframework.test.context.event.ApplicationEventsTestExecutionListener.recordApplicationEvents' -> false]], class annotated with @DirtiesContext [false] with mode [null].
(AbstractApplicationContext.java:1063) - Closing org.springframework.context.support.GenericApplicationContext@7b50df34, started on Fri Dec 13 14:38:21 KST 2024
(BootstrapUtils.java:108) - Instantiating CacheAwareContextLoaderDelegate from class [org.springframework.test.context.cache.DefaultCacheAwareContextLoaderDelegate]
(BootstrapUtils.java:88) - Instantiating BootstrapContext using constructor [public org.springframework.test.context.support.DefaultBootstrapContext(java.lang.Class,org.springframework.test.context.CacheAwareContextLoaderDelegate)]
(BootstrapUtils.java:143) - Instantiating TestContextBootstrapper for test class [com.pcwk.ehr.user.UserDaoJUnit] from class [org.springframework.test.context.support.DefaultTestContextBootstrapper]
(AbstractDelegatingSmartContextLoader.java:264) - Delegating to GenericXmlContextLoader to process context configuration [ContextConfigurationAttributes@1033576a declaringClass = 'com.pcwk.ehr.user.UserDaoJUnit', classes = '{}', locations = '{file:src/main/webapp/WEB-INF/spring/root-context.xml, file:src/main/webapp/WEB-INF/spring/appServlet/servlet-context.xml}', inheritLocations = true, initializers = '{}', inheritInitializers = true, name = [null], contextLoaderClass = 'org.springframework.test.context.ContextLoader'].
(ActiveProfilesUtils.java:80) - Could not find an 'annotation declaring class' for annotation type [org.springframework.test.context.ActiveProfiles] and class [com.pcwk.ehr.user.UserDaoJUnit]
(AbstractTestContextBootstrapper.java:124) - @TestExecutionListeners is not present for class [com.pcwk.ehr.user.UserDaoJUnit]: using defaults.
(AbstractTestContextBootstrapper.java:245) - Loaded default TestExecutionListener class names from location [META-INF/spring.factories]: [org.springframework.test.context.web.ServletTestExecutionListener, org.springframework.test.context.support.DirtiesContextBeforeModesTestExecutionListener, org.springframework.test.context.event.ApplicationEventsTestExecutionListener, org.springframework.test.context.support.DependencyInjectionTestExecutionListener, org.springframework.test.context.support.DirtiesContextTestExecutionListener, org.springframework.test.context.transaction.TransactionalTestExecutionListener, org.springframework.test.context.jdbc.SqlScriptsTestExecutionListener, org.springframework.test.context.event.EventPublishingTestExecutionListener]
(AbstractTestContextBootstrapper.java:174) - Using TestExecutionListeners: [org.springframework.test.context.web.ServletTestExecutionListener@311bf055, org.springframework.test.context.support.DirtiesContextBeforeModesTestExecutionListener@642a7222, org.springframework.test.context.event.ApplicationEventsTestExecutionListener@7d322cad, org.springframework.test.context.support.DependencyInjectionTestExecutionListener@21be3395, org.springframework.test.context.support.DirtiesContextTestExecutionListener@4f49f6af, org.springframework.test.context.transaction.TransactionalTestExecutionListener@78452606, org.springframework.test.context.jdbc.SqlScriptsTestExecutionListener@147e2ae7, org.springframework.test.context.event.EventPublishingTestExecutionListener@448c8166]
(AbstractDirtiesContextTestExecutionListener.java:143) - Before test class: context [DefaultTestContext@13526e59 testClass = UserDaoJUnit, testInstance = [null], testMethod = [null], testException = [null], mergedContextConfiguration = [MergedContextConfiguration@2235eaab testClass = UserDaoJUnit, locations = '{file:src/main/webapp/WEB-INF/spring/root-context.xml, file:src/main/webapp/WEB-INF/spring/appServlet/servlet-context.xml}', classes = '{}', contextInitializerClasses = '[]', activeProfiles = '{}', propertySourceLocations = '{}', propertySourceProperties = '{}', contextCustomizers = set[[empty]], contextLoader = 'org.springframework.test.context.support.DelegatingSmartContextLoader', parent = [null]], attributes = map[[empty]]], class annotated with @DirtiesContext [false] with mode [null].
(DependencyInjectionTestExecutionListener.java:81) - Performing dependency injection for test context [[DefaultTestContext@13526e59 testClass = UserDaoJUnit, testInstance = com.pcwk.ehr.user.UserDaoJUnit@41488b16, testMethod = [null], testException = [null], mergedContextConfiguration = [MergedContextConfiguration@2235eaab testClass = UserDaoJUnit, locations = '{file:src/main/webapp/WEB-INF/spring/root-context.xml, file:src/main/webapp/WEB-INF/spring/appServlet/servlet-context.xml}', classes = '{}', contextInitializerClasses = '[]', activeProfiles = '{}', propertySourceLocations = '{}', propertySourceProperties = '{}', contextCustomizers = set[[empty]], contextLoader = 'org.springframework.test.context.support.DelegatingSmartContextLoader', parent = [null]], attributes = map['org.springframework.test.context.event.ApplicationEventsTestExecutionListener.recordApplicationEvents' -> false]]].
(AbstractDelegatingSmartContextLoader.java:274) - Delegating to GenericXmlContextLoader to load context from [MergedContextConfiguration@2235eaab testClass = UserDaoJUnit, locations = '{file:src/main/webapp/WEB-INF/spring/root-context.xml, file:src/main/webapp/WEB-INF/spring/appServlet/servlet-context.xml}', classes = '{}', contextInitializerClasses = '[]', activeProfiles = '{}', propertySourceLocations = '{}', propertySourceProperties = '{}', contextCustomizers = set[[empty]], contextLoader = 'org.springframework.test.context.support.DelegatingSmartContextLoader', parent = [null]].
(AbstractGenericContextLoader.java:107) - Loading ApplicationContext for merged context configuration [[MergedContextConfiguration@2235eaab testClass = UserDaoJUnit, locations = '{file:src/main/webapp/WEB-INF/spring/root-context.xml, file:src/main/webapp/WEB-INF/spring/appServlet/servlet-context.xml}', classes = '{}', contextInitializerClasses = '[]', activeProfiles = '{}', propertySourceLocations = '{}', propertySourceProperties = '{}', contextCustomizers = set[[empty]], contextLoader = 'org.springframework.test.context.support.DelegatingSmartContextLoader', parent = [null]]].
(AbstractEnvironment.java:302) - Activating profiles []
(XmlBeanDefinitionReader.java:393) - Loaded 12 bean definitions from URL [file:src/main/webapp/WEB-INF/spring/root-context.xml]
(ClassPathScanningCandidateComponentProvider.java:437) - Identified candidate component class: file [D:\JAP_20240909\04_SPRING\WORKSPACE\DOTOLI_v1.3\target\classes\com\pcwk\ehr\email\controller\EmailController.class]
(ClassPathScanningCandidateComponentProvider.java:437) - Identified candidate component class: file [D:\JAP_20240909\04_SPRING\WORKSPACE\DOTOLI_v1.3\target\classes\com\pcwk\ehr\email\dao\EmailDaoJdbc.class]
(ClassPathScanningCandidateComponentProvider.java:437) - Identified candidate component class: file [D:\JAP_20240909\04_SPRING\WORKSPACE\DOTOLI_v1.3\target\classes\com\pcwk\ehr\email\service\EmailServiceImpl.class]
(ClassPathScanningCandidateComponentProvider.java:437) - Identified candidate component class: file [D:\JAP_20240909\04_SPRING\WORKSPACE\DOTOLI_v1.3\target\classes\com\pcwk\ehr\main\controller\MainController.class]
(ClassPathScanningCandidateComponentProvider.java:437) - Identified candidate component class: file [D:\JAP_20240909\04_SPRING\WORKSPACE\DOTOLI_v1.3\target\classes\com\pcwk\ehr\user\controller\UserController.class]
(ClassPathScanningCandidateComponentProvider.java:437) - Identified candidate component class: file [D:\JAP_20240909\04_SPRING\WORKSPACE\DOTOLI_v1.3\target\classes\com\pcwk\ehr\user\dao\UserDaoJdbc.class]
(ClassPathScanningCandidateComponentProvider.java:437) - Identified candidate component class: file [D:\JAP_20240909\04_SPRING\WORKSPACE\DOTOLI_v1.3\target\classes\com\pcwk\ehr\user\service\UserServiceImpl.class]
(XmlBeanDefinitionReader.java:393) - Loaded 37 bean definitions from URL [file:src/main/webapp/WEB-INF/spring/appServlet/servlet-context.xml]
(DefaultSingletonBeanRegistry.java:225) - Creating shared instance of singleton bean 'org.springframework.context.annotation.internalConfigurationAnnotationProcessor'
(DefaultSingletonBeanRegistry.java:225) - Creating shared instance of singleton bean 'org.springframework.context.event.internalEventListenerProcessor'
(DefaultSingletonBeanRegistry.java:225) - Creating shared instance of singleton bean 'org.springframework.transaction.config.internalTransactionalEventListenerFactory'
(DefaultSingletonBeanRegistry.java:225) - Creating shared instance of singleton bean 'org.springframework.context.event.internalEventListenerFactory'
(DefaultSingletonBeanRegistry.java:225) - Creating shared instance of singleton bean 'org.springframework.context.annotation.internalAutowiredAnnotationProcessor'
(DefaultSingletonBeanRegistry.java:225) - Creating shared instance of singleton bean 'org.springframework.context.annotation.internalCommonAnnotationProcessor'
(DefaultSingletonBeanRegistry.java:225) - Creating shared instance of singleton bean 'org.springframework.aop.config.internalAutoProxyCreator'
(DefaultSingletonBeanRegistry.java:225) - Creating shared instance of singleton bean 'org.springframework.transaction.annotation.AnnotationTransactionAttributeSource#0'
(DefaultSingletonBeanRegistry.java:225) - Creating shared instance of singleton bean 'org.springframework.transaction.config.internalTransactionAdvisor'
(DefaultSingletonBeanRegistry.java:225) - Creating shared instance of singleton bean 'org.springframework.transaction.annotation.AnnotationTransactionAttributeSource#0'
(DefaultSingletonBeanRegistry.java:225) - Creating shared instance of singleton bean 'org.springframework.aop.support.DefaultBeanFactoryPointcutAdvisor#0'
(DefaultSingletonBeanRegistry.java:225) - Creating shared instance of singleton bean 'org.springframework.transaction.config.internalTransactionAdvisor'
(DefaultSingletonBeanRegistry.java:225) - Creating shared instance of singleton bean 'org.springframework.transaction.interceptor.TransactionInterceptor#0'
(DefaultSingletonBeanRegistry.java:225) - Creating shared instance of singleton bean 'txAdvice'
(DefaultSingletonBeanRegistry.java:225) - Creating shared instance of singleton bean 'transactionManager'
(DefaultSingletonBeanRegistry.java:225) - Creating shared instance of singleton bean 'dataSource'
(Log4j2SpyLogDelegator.java:372) - log4jdbc-logj2 properties initialization...
(Log4j2SpyLogDelegator.java:372) - Using logger: null
(Log4j2SpyLogDelegator.java:372) - x log4jdbc.debug.stack.prefix is not defined
(Log4j2SpyLogDelegator.java:372) - x log4jdbc.sqltiming.warn.threshold is not defined
(Log4j2SpyLogDelegator.java:372) - x log4jdbc.sqltiming.error.threshold is not defined
(Log4j2SpyLogDelegator.java:372) - x log4jdbc.dump.booleanastruefalse is not defined (using default value false)
(Log4j2SpyLogDelegator.java:372) - x log4jdbc.dump.sql.maxlinelength is not defined (using default of 90)
(Log4j2SpyLogDelegator.java:372) - x log4jdbc.dump.fulldebugstacktrace is not defined (using default value false)
(Log4j2SpyLogDelegator.java:372) - x log4jdbc.statement.warn is not defined (using default value false)
(Log4j2SpyLogDelegator.java:372) - x log4jdbc.dump.sql.select is not defined (using default value true)
(Log4j2SpyLogDelegator.java:372) - x log4jdbc.dump.sql.insert is not defined (using default value true)
(Log4j2SpyLogDelegator.java:372) - x log4jdbc.dump.sql.update is not defined (using default value true)
(Log4j2SpyLogDelegator.java:372) - x log4jdbc.dump.sql.delete is not defined (using default value true)
(Log4j2SpyLogDelegator.java:372) - x log4jdbc.dump.sql.create is not defined (using default value true)
(Log4j2SpyLogDelegator.java:372) - x log4jdbc.dump.sql.addsemicolon is not defined (using default value false)
(Log4j2SpyLogDelegator.java:372) - x log4jdbc.auto.load.popular.drivers is not defined (using default value true)
(Log4j2SpyLogDelegator.java:372) - x log4jdbc.drivers is not defined
(Log4j2SpyLogDelegator.java:372) - x log4jdbc.trim.sql is not defined (using default value true)
(Log4j2SpyLogDelegator.java:372) - x log4jdbc.trim.sql.extrablanklines is not defined (using default value true)
(Log4j2SpyLogDelegator.java:372) - x log4jdbc.suppress.generated.keys.exception is not defined (using default value false)
(Log4j2SpyLogDelegator.java:372) - log4jdbc-logj2 properties initialization done.
(Log4j2SpyLogDelegator.java:372) - DriverSpy intialization...
(Log4j2SpyLogDelegator.java:372) -   FOUND DRIVER oracle.jdbc.OracleDriver
(Log4j2SpyLogDelegator.java:372) -   FOUND DRIVER oracle.jdbc.driver.OracleDriver
(Log4j2SpyLogDelegator.java:372) - DriverSpy intialization done.
(DefaultSingletonBeanRegistry.java:225) - Creating shared instance of singleton bean 'mailSenderImpl'
(DefaultSingletonBeanRegistry.java:225) - Creating shared instance of singleton bean 'jdbcTemplate'
(DefaultSingletonBeanRegistry.java:225) - Creating shared instance of singleton bean 'mvcContentNegotiationManager'
(DefaultSingletonBeanRegistry.java:225) - Creating shared instance of singleton bean 'org.springframework.web.servlet.mvc.method.annotation.RequestMappingHandlerMapping'
(DefaultSingletonBeanRegistry.java:225) - Creating shared instance of singleton bean 'mvcCorsConfigurations'
(DefaultSingletonBeanRegistry.java:225) - Creating shared instance of singleton bean 'org.springframework.web.servlet.handler.MappedInterceptor#0'
(DefaultSingletonBeanRegistry.java:225) - Creating shared instance of singleton bean 'org.springframework.format.support.FormattingConversionServiceFactoryBean#0'
(DefaultSingletonBeanRegistry.java:225) - Creating shared instance of singleton bean 'org.springframework.web.servlet.handler.MappedInterceptor#1'
(AbstractHandlerMethodMapping.java:367) - 11 mappings in 'org.springframework.web.servlet.mvc.method.annotation.RequestMappingHandlerMapping'
(DefaultSingletonBeanRegistry.java:225) - Creating shared instance of singleton bean 'org.springframework.web.servlet.mvc.method.annotation.RequestMappingHandlerAdapter'
(RequestMappingHandlerAdapter.java:623) - ControllerAdvice beans: none
(DefaultSingletonBeanRegistry.java:225) - Creating shared instance of singleton bean 'mvcUriComponentsContributor'
(RequestMappingHandlerAdapter.java:623) - ControllerAdvice beans: none
(DefaultSingletonBeanRegistry.java:225) - Creating shared instance of singleton bean 'org.springframework.web.servlet.mvc.method.annotation.ExceptionHandlerExceptionResolver#0'
(ExceptionHandlerExceptionResolver.java:304) - ControllerAdvice beans: none
(DefaultSingletonBeanRegistry.java:225) - Creating shared instance of singleton bean 'org.springframework.web.servlet.mvc.annotation.ResponseStatusExceptionResolver#0'
(DefaultSingletonBeanRegistry.java:225) - Creating shared instance of singleton bean 'org.springframework.web.servlet.mvc.support.DefaultHandlerExceptionResolver#0'
(DefaultSingletonBeanRegistry.java:225) - Creating shared instance of singleton bean 'org.springframework.web.servlet.handler.BeanNameUrlHandlerMapping'
(AbstractDetectingUrlHandlerMapping.java:86) - 'org.springframework.web.servlet.handler.BeanNameUrlHandlerMapping' {}
(DefaultSingletonBeanRegistry.java:225) - Creating shared instance of singleton bean 'org.springframework.web.servlet.mvc.HttpRequestHandlerAdapter'
(DefaultSingletonBeanRegistry.java:225) - Creating shared instance of singleton bean 'org.springframework.web.servlet.mvc.SimpleControllerHandlerAdapter'
(DefaultSingletonBeanRegistry.java:225) - Creating shared instance of singleton bean 'localeResolver'
(DefaultSingletonBeanRegistry.java:225) - Creating shared instance of singleton bean 'themeResolver'
(DefaultSingletonBeanRegistry.java:225) - Creating shared instance of singleton bean 'viewNameTranslator'
(DefaultSingletonBeanRegistry.java:225) - Creating shared instance of singleton bean 'flashMapManager'
(DefaultSingletonBeanRegistry.java:225) - Creating shared instance of singleton bean 'mvcResourceUrlProvider'
(DefaultSingletonBeanRegistry.java:225) - Creating shared instance of singleton bean 'mvcPathMatcher'
(DefaultSingletonBeanRegistry.java:225) - Creating shared instance of singleton bean 'mvcUrlPathHelper'
(DefaultSingletonBeanRegistry.java:225) - Creating shared instance of singleton bean 'org.springframework.web.servlet.resource.ResourceHttpRequestHandler#0'
(DefaultSingletonBeanRegistry.java:225) - Creating shared instance of singleton bean 'org.springframework.web.servlet.handler.SimpleUrlHandlerMapping#0'
(SimpleUrlHandlerMapping.java:177) - 'org.springframework.web.servlet.handler.SimpleUrlHandlerMapping#0' {/resources/**=ResourceHttpRequestHandler [classpath [resources/]]}
(DefaultSingletonBeanRegistry.java:225) - Creating shared instance of singleton bean 'org.springframework.web.servlet.view.InternalResourceViewResolver#0'
(DefaultSingletonBeanRegistry.java:225) - Creating shared instance of singleton bean 'emailController'
(DefaultSingletonBeanRegistry.java:225) - Creating shared instance of singleton bean 'emailServiceImpl'
(DefaultSingletonBeanRegistry.java:225) - Creating shared instance of singleton bean 'emailDaoJdbc'
(DefaultSingletonBeanRegistry.java:225) - Creating shared instance of singleton bean 'userServiceImpl'
(DefaultSingletonBeanRegistry.java:225) - Creating shared instance of singleton bean 'userDaoJdbc'
(DefaultSingletonBeanRegistry.java:225) - Creating shared instance of singleton bean 'mainController'
(DefaultSingletonBeanRegistry.java:225) - Creating shared instance of singleton bean 'userController'
(UserController.java:40) - ┌───────────────────────────────────────┐
(UserController.java:41) - │    **UserController() 생성**           │
(UserController.java:42) - └───────────────────────────────────────┘
(DefaultCacheAwareContextLoaderDelegate.java:92) - Storing ApplicationContext [949684105] in cache under key [[MergedContextConfiguration@2235eaab testClass = UserDaoJUnit, locations = '{file:src/main/webapp/WEB-INF/spring/root-context.xml, file:src/main/webapp/WEB-INF/spring/appServlet/servlet-context.xml}', classes = '{}', contextInitializerClasses = '[]', activeProfiles = '{}', propertySourceLocations = '{}', propertySourceProperties = '{}', contextCustomizers = set[[empty]], contextLoader = 'org.springframework.test.context.support.DelegatingSmartContextLoader', parent = [null]]]
(DefaultContextCache.java:290) - Spring test ApplicationContext cache statistics: [DefaultContextCache@4e868ef5 size = 1, maxSize = 32, parentContextCount = 0, hitCount = 0, missCount = 1]
(DefaultCacheAwareContextLoaderDelegate.java:103) - Retrieved ApplicationContext [949684105] from cache with key [[MergedContextConfiguration@2235eaab testClass = UserDaoJUnit, locations = '{file:src/main/webapp/WEB-INF/spring/root-context.xml, file:src/main/webapp/WEB-INF/spring/appServlet/servlet-context.xml}', classes = '{}', contextInitializerClasses = '[]', activeProfiles = '{}', propertySourceLocations = '{}', propertySourceProperties = '{}', contextCustomizers = set[[empty]], contextLoader = 'org.springframework.test.context.support.DelegatingSmartContextLoader', parent = [null]]]
(DefaultContextCache.java:290) - Spring test ApplicationContext cache statistics: [DefaultContextCache@4e868ef5 size = 1, maxSize = 32, parentContextCount = 0, hitCount = 1, missCount = 1]
(DependencyInjectionTestExecutionListener.java:81) - Performing dependency injection for test context [[DefaultTestContext@13526e59 testClass = UserDaoJUnit, testInstance = com.pcwk.ehr.user.UserDaoJUnit@52a36910, testMethod = [null], testException = [null], mergedContextConfiguration = [MergedContextConfiguration@2235eaab testClass = UserDaoJUnit, locations = '{file:src/main/webapp/WEB-INF/spring/root-context.xml, file:src/main/webapp/WEB-INF/spring/appServlet/servlet-context.xml}', classes = '{}', contextInitializerClasses = '[]', activeProfiles = '{}', propertySourceLocations = '{}', propertySourceProperties = '{}', contextCustomizers = set[[empty]], contextLoader = 'org.springframework.test.context.support.DelegatingSmartContextLoader', parent = [null]], attributes = map['org.springframework.test.context.event.ApplicationEventsTestExecutionListener.recordApplicationEvents' -> false]]].
(DefaultCacheAwareContextLoaderDelegate.java:103) - Retrieved ApplicationContext [949684105] from cache with key [[MergedContextConfiguration@2235eaab testClass = UserDaoJUnit, locations = '{file:src/main/webapp/WEB-INF/spring/root-context.xml, file:src/main/webapp/WEB-INF/spring/appServlet/servlet-context.xml}', classes = '{}', contextInitializerClasses = '[]', activeProfiles = '{}', propertySourceLocations = '{}', propertySourceProperties = '{}', contextCustomizers = set[[empty]], contextLoader = 'org.springframework.test.context.support.DelegatingSmartContextLoader', parent = [null]]]
(DefaultContextCache.java:290) - Spring test ApplicationContext cache statistics: [DefaultContextCache@4e868ef5 size = 1, maxSize = 32, parentContextCount = 0, hitCount = 2, missCount = 1]
(DefaultCacheAwareContextLoaderDelegate.java:103) - Retrieved ApplicationContext [949684105] from cache with key [[MergedContextConfiguration@2235eaab testClass = UserDaoJUnit, locations = '{file:src/main/webapp/WEB-INF/spring/root-context.xml, file:src/main/webapp/WEB-INF/spring/appServlet/servlet-context.xml}', classes = '{}', contextInitializerClasses = '[]', activeProfiles = '{}', propertySourceLocations = '{}', propertySourceProperties = '{}', contextCustomizers = set[[empty]], contextLoader = 'org.springframework.test.context.support.DelegatingSmartContextLoader', parent = [null]]]
(DefaultContextCache.java:290) - Spring test ApplicationContext cache statistics: [DefaultContextCache@4e868ef5 size = 1, maxSize = 32, parentContextCount = 0, hitCount = 3, missCount = 1]
(DependencyInjectionTestExecutionListener.java:81) - Performing dependency injection for test context [[DefaultTestContext@13526e59 testClass = UserDaoJUnit, testInstance = com.pcwk.ehr.user.UserDaoJUnit@1d782abe, testMethod = [null], testException = [null], mergedContextConfiguration = [MergedContextConfiguration@2235eaab testClass = UserDaoJUnit, locations = '{file:src/main/webapp/WEB-INF/spring/root-context.xml, file:src/main/webapp/WEB-INF/spring/appServlet/servlet-context.xml}', classes = '{}', contextInitializerClasses = '[]', activeProfiles = '{}', propertySourceLocations = '{}', propertySourceProperties = '{}', contextCustomizers = set[[empty]], contextLoader = 'org.springframework.test.context.support.DelegatingSmartContextLoader', parent = [null]], attributes = map['org.springframework.test.context.event.ApplicationEventsTestExecutionListener.recordApplicationEvents' -> false]]].
(DefaultCacheAwareContextLoaderDelegate.java:103) - Retrieved ApplicationContext [949684105] from cache with key [[MergedContextConfiguration@2235eaab testClass = UserDaoJUnit, locations = '{file:src/main/webapp/WEB-INF/spring/root-context.xml, file:src/main/webapp/WEB-INF/spring/appServlet/servlet-context.xml}', classes = '{}', contextInitializerClasses = '[]', activeProfiles = '{}', propertySourceLocations = '{}', propertySourceProperties = '{}', contextCustomizers = set[[empty]], contextLoader = 'org.springframework.test.context.support.DelegatingSmartContextLoader', parent = [null]]]
(DefaultContextCache.java:290) - Spring test ApplicationContext cache statistics: [DefaultContextCache@4e868ef5 size = 1, maxSize = 32, parentContextCount = 0, hitCount = 4, missCount = 1]
(DefaultCacheAwareContextLoaderDelegate.java:103) - Retrieved ApplicationContext [949684105] from cache with key [[MergedContextConfiguration@2235eaab testClass = UserDaoJUnit, locations = '{file:src/main/webapp/WEB-INF/spring/root-context.xml, file:src/main/webapp/WEB-INF/spring/appServlet/servlet-context.xml}', classes = '{}', contextInitializerClasses = '[]', activeProfiles = '{}', propertySourceLocations = '{}', propertySourceProperties = '{}', contextCustomizers = set[[empty]], contextLoader = 'org.springframework.test.context.support.DelegatingSmartContextLoader', parent = [null]]]
(DefaultContextCache.java:290) - Spring test ApplicationContext cache statistics: [DefaultContextCache@4e868ef5 size = 1, maxSize = 32, parentContextCount = 0, hitCount = 5, missCount = 1]
(DependencyInjectionTestExecutionListener.java:81) - Performing dependency injection for test context [[DefaultTestContext@13526e59 testClass = UserDaoJUnit, testInstance = com.pcwk.ehr.user.UserDaoJUnit@27b22f74, testMethod = [null], testException = [null], mergedContextConfiguration = [MergedContextConfiguration@2235eaab testClass = UserDaoJUnit, locations = '{file:src/main/webapp/WEB-INF/spring/root-context.xml, file:src/main/webapp/WEB-INF/spring/appServlet/servlet-context.xml}', classes = '{}', contextInitializerClasses = '[]', activeProfiles = '{}', propertySourceLocations = '{}', propertySourceProperties = '{}', contextCustomizers = set[[empty]], contextLoader = 'org.springframework.test.context.support.DelegatingSmartContextLoader', parent = [null]], attributes = map['org.springframework.test.context.event.ApplicationEventsTestExecutionListener.recordApplicationEvents' -> false]]].
(DefaultCacheAwareContextLoaderDelegate.java:103) - Retrieved ApplicationContext [949684105] from cache with key [[MergedContextConfiguration@2235eaab testClass = UserDaoJUnit, locations = '{file:src/main/webapp/WEB-INF/spring/root-context.xml, file:src/main/webapp/WEB-INF/spring/appServlet/servlet-context.xml}', classes = '{}', contextInitializerClasses = '[]', activeProfiles = '{}', propertySourceLocations = '{}', propertySourceProperties = '{}', contextCustomizers = set[[empty]], contextLoader = 'org.springframework.test.context.support.DelegatingSmartContextLoader', parent = [null]]]
(DefaultContextCache.java:290) - Spring test ApplicationContext cache statistics: [DefaultContextCache@4e868ef5 size = 1, maxSize = 32, parentContextCount = 0, hitCount = 6, missCount = 1]
(DefaultCacheAwareContextLoaderDelegate.java:103) - Retrieved ApplicationContext [949684105] from cache with key [[MergedContextConfiguration@2235eaab testClass = UserDaoJUnit, locations = '{file:src/main/webapp/WEB-INF/spring/root-context.xml, file:src/main/webapp/WEB-INF/spring/appServlet/servlet-context.xml}', classes = '{}', contextInitializerClasses = '[]', activeProfiles = '{}', propertySourceLocations = '{}', propertySourceProperties = '{}', contextCustomizers = set[[empty]], contextLoader = 'org.springframework.test.context.support.DelegatingSmartContextLoader', parent = [null]]]
(DefaultContextCache.java:290) - Spring test ApplicationContext cache statistics: [DefaultContextCache@4e868ef5 size = 1, maxSize = 32, parentContextCount = 0, hitCount = 7, missCount = 1]
(AbstractDirtiesContextTestExecutionListener.java:108) - Before test method: context [DefaultTestContext@13526e59 testClass = UserDaoJUnit, testInstance = com.pcwk.ehr.user.UserDaoJUnit@27b22f74, testMethod = doSelectEamil_By_Name_Phone@UserDaoJUnit, testException = [null], mergedContextConfiguration = [MergedContextConfiguration@2235eaab testClass = UserDaoJUnit, locations = '{file:src/main/webapp/WEB-INF/spring/root-context.xml, file:src/main/webapp/WEB-INF/spring/appServlet/servlet-context.xml}', classes = '{}', contextInitializerClasses = '[]', activeProfiles = '{}', propertySourceLocations = '{}', propertySourceProperties = '{}', contextCustomizers = set[[empty]], contextLoader = 'org.springframework.test.context.support.DelegatingSmartContextLoader', parent = [null]], attributes = map['org.springframework.test.context.event.ApplicationEventsTestExecutionListener.recordApplicationEvents' -> false]], class annotated with @DirtiesContext [false] with mode [null], method annotated with @DirtiesContext [false] with mode [null].
(DefaultCacheAwareContextLoaderDelegate.java:103) - Retrieved ApplicationContext [949684105] from cache with key [[MergedContextConfiguration@2235eaab testClass = UserDaoJUnit, locations = '{file:src/main/webapp/WEB-INF/spring/root-context.xml, file:src/main/webapp/WEB-INF/spring/appServlet/servlet-context.xml}', classes = '{}', contextInitializerClasses = '[]', activeProfiles = '{}', propertySourceLocations = '{}', propertySourceProperties = '{}', contextCustomizers = set[[empty]], contextLoader = 'org.springframework.test.context.support.DelegatingSmartContextLoader', parent = [null]]]
(DefaultContextCache.java:290) - Spring test ApplicationContext cache statistics: [DefaultContextCache@4e868ef5 size = 1, maxSize = 32, parentContextCount = 0, hitCount = 8, missCount = 1]
(UserDaoJUnit.java:56) - context:org.springframework.context.support.GenericApplicationContext@389b0789, started on Fri Dec 13 14:39:44 KST 2024
(DefaultCacheAwareContextLoaderDelegate.java:103) - Retrieved ApplicationContext [949684105] from cache with key [[MergedContextConfiguration@2235eaab testClass = UserDaoJUnit, locations = '{file:src/main/webapp/WEB-INF/spring/root-context.xml, file:src/main/webapp/WEB-INF/spring/appServlet/servlet-context.xml}', classes = '{}', contextInitializerClasses = '[]', activeProfiles = '{}', propertySourceLocations = '{}', propertySourceProperties = '{}', contextCustomizers = set[[empty]], contextLoader = 'org.springframework.test.context.support.DelegatingSmartContextLoader', parent = [null]]]
(DefaultContextCache.java:290) - Spring test ApplicationContext cache statistics: [DefaultContextCache@4e868ef5 size = 1, maxSize = 32, parentContextCount = 0, hitCount = 9, missCount = 1]
(JdbcTemplate.java:711) - Executing prepared SQL query
(JdbcTemplate.java:640) - Executing prepared SQL statement [SELECT email     
  FROM member    
 WHERE name = ?  
   AND phone = ? 
]
(DataSourceUtils.java:117) - Fetching JDBC Connection from DataSource
(DefaultCacheAwareContextLoaderDelegate.java:103) - Retrieved ApplicationContext [949684105] from cache with key [[MergedContextConfiguration@2235eaab testClass = UserDaoJUnit, locations = '{file:src/main/webapp/WEB-INF/spring/root-context.xml, file:src/main/webapp/WEB-INF/spring/appServlet/servlet-context.xml}', classes = '{}', contextInitializerClasses = '[]', activeProfiles = '{}', propertySourceLocations = '{}', propertySourceProperties = '{}', contextCustomizers = set[[empty]], contextLoader = 'org.springframework.test.context.support.DelegatingSmartContextLoader', parent = [null]]]
(DefaultContextCache.java:290) - Spring test ApplicationContext cache statistics: [DefaultContextCache@4e868ef5 size = 1, maxSize = 32, parentContextCount = 0, hitCount = 10, missCount = 1]
(UserDaoJUnit.java:418) - ==========================================================
(UserDaoJUnit.java:419) - =@After=
(UserDaoJUnit.java:420) - ==========================================================
(DefaultCacheAwareContextLoaderDelegate.java:103) - Retrieved ApplicationContext [949684105] from cache with key [[MergedContextConfiguration@2235eaab testClass = UserDaoJUnit, locations = '{file:src/main/webapp/WEB-INF/spring/root-context.xml, file:src/main/webapp/WEB-INF/spring/appServlet/servlet-context.xml}', classes = '{}', contextInitializerClasses = '[]', activeProfiles = '{}', propertySourceLocations = '{}', propertySourceProperties = '{}', contextCustomizers = set[[empty]], contextLoader = 'org.springframework.test.context.support.DelegatingSmartContextLoader', parent = [null]]]
(DefaultContextCache.java:290) - Spring test ApplicationContext cache statistics: [DefaultContextCache@4e868ef5 size = 1, maxSize = 32, parentContextCount = 0, hitCount = 11, missCount = 1]
(AbstractDirtiesContextTestExecutionListener.java:108) - After test method: context [DefaultTestContext@13526e59 testClass = UserDaoJUnit, testInstance = com.pcwk.ehr.user.UserDaoJUnit@27b22f74, testMethod = doSelectEamil_By_Name_Phone@UserDaoJUnit, testException = org.springframework.dao.EmptyResultDataAccessException: Incorrect result size: expected 1, actual 0, mergedContextConfiguration = [MergedContextConfiguration@2235eaab testClass = UserDaoJUnit, locations = '{file:src/main/webapp/WEB-INF/spring/root-context.xml, file:src/main/webapp/WEB-INF/spring/appServlet/servlet-context.xml}', classes = '{}', contextInitializerClasses = '[]', activeProfiles = '{}', propertySourceLocations = '{}', propertySourceProperties = '{}', contextCustomizers = set[[empty]], contextLoader = 'org.springframework.test.context.support.DelegatingSmartContextLoader', parent = [null]], attributes = map['org.springframework.test.context.event.ApplicationEventsTestExecutionListener.recordApplicationEvents' -> false]], class annotated with @DirtiesContext [false] with mode [null], method annotated with @DirtiesContext [false] with mode [null].
(DependencyInjectionTestExecutionListener.java:81) - Performing dependency injection for test context [[DefaultTestContext@13526e59 testClass = UserDaoJUnit, testInstance = com.pcwk.ehr.user.UserDaoJUnit@6ba7383d, testMethod = [null], testException = [null], mergedContextConfiguration = [MergedContextConfiguration@2235eaab testClass = UserDaoJUnit, locations = '{file:src/main/webapp/WEB-INF/spring/root-context.xml, file:src/main/webapp/WEB-INF/spring/appServlet/servlet-context.xml}', classes = '{}', contextInitializerClasses = '[]', activeProfiles = '{}', propertySourceLocations = '{}', propertySourceProperties = '{}', contextCustomizers = set[[empty]], contextLoader = 'org.springframework.test.context.support.DelegatingSmartContextLoader', parent = [null]], attributes = map['org.springframework.test.context.event.ApplicationEventsTestExecutionListener.recordApplicationEvents' -> false]]].
(DefaultCacheAwareContextLoaderDelegate.java:103) - Retrieved ApplicationContext [949684105] from cache with key [[MergedContextConfiguration@2235eaab testClass = UserDaoJUnit, locations = '{file:src/main/webapp/WEB-INF/spring/root-context.xml, file:src/main/webapp/WEB-INF/spring/appServlet/servlet-context.xml}', classes = '{}', contextInitializerClasses = '[]', activeProfiles = '{}', propertySourceLocations = '{}', propertySourceProperties = '{}', contextCustomizers = set[[empty]], contextLoader = 'org.springframework.test.context.support.DelegatingSmartContextLoader', parent = [null]]]
(DefaultContextCache.java:290) - Spring test ApplicationContext cache statistics: [DefaultContextCache@4e868ef5 size = 1, maxSize = 32, parentContextCount = 0, hitCount = 12, missCount = 1]
(DefaultCacheAwareContextLoaderDelegate.java:103) - Retrieved ApplicationContext [949684105] from cache with key [[MergedContextConfiguration@2235eaab testClass = UserDaoJUnit, locations = '{file:src/main/webapp/WEB-INF/spring/root-context.xml, file:src/main/webapp/WEB-INF/spring/appServlet/servlet-context.xml}', classes = '{}', contextInitializerClasses = '[]', activeProfiles = '{}', propertySourceLocations = '{}', propertySourceProperties = '{}', contextCustomizers = set[[empty]], contextLoader = 'org.springframework.test.context.support.DelegatingSmartContextLoader', parent = [null]]]
(DefaultContextCache.java:290) - Spring test ApplicationContext cache statistics: [DefaultContextCache@4e868ef5 size = 1, maxSize = 32, parentContextCount = 0, hitCount = 13, missCount = 1]
(DependencyInjectionTestExecutionListener.java:81) - Performing dependency injection for test context [[DefaultTestContext@13526e59 testClass = UserDaoJUnit, testInstance = com.pcwk.ehr.user.UserDaoJUnit@710d89e2, testMethod = [null], testException = [null], mergedContextConfiguration = [MergedContextConfiguration@2235eaab testClass = UserDaoJUnit, locations = '{file:src/main/webapp/WEB-INF/spring/root-context.xml, file:src/main/webapp/WEB-INF/spring/appServlet/servlet-context.xml}', classes = '{}', contextInitializerClasses = '[]', activeProfiles = '{}', propertySourceLocations = '{}', propertySourceProperties = '{}', contextCustomizers = set[[empty]], contextLoader = 'org.springframework.test.context.support.DelegatingSmartContextLoader', parent = [null]], attributes = map['org.springframework.test.context.event.ApplicationEventsTestExecutionListener.recordApplicationEvents' -> false]]].
(DefaultCacheAwareContextLoaderDelegate.java:103) - Retrieved ApplicationContext [949684105] from cache with key [[MergedContextConfiguration@2235eaab testClass = UserDaoJUnit, locations = '{file:src/main/webapp/WEB-INF/spring/root-context.xml, file:src/main/webapp/WEB-INF/spring/appServlet/servlet-context.xml}', classes = '{}', contextInitializerClasses = '[]', activeProfiles = '{}', propertySourceLocations = '{}', propertySourceProperties = '{}', contextCustomizers = set[[empty]], contextLoader = 'org.springframework.test.context.support.DelegatingSmartContextLoader', parent = [null]]]
(DefaultContextCache.java:290) - Spring test ApplicationContext cache statistics: [DefaultContextCache@4e868ef5 size = 1, maxSize = 32, parentContextCount = 0, hitCount = 14, missCount = 1]
(DefaultCacheAwareContextLoaderDelegate.java:103) - Retrieved ApplicationContext [949684105] from cache with key [[MergedContextConfiguration@2235eaab testClass = UserDaoJUnit, locations = '{file:src/main/webapp/WEB-INF/spring/root-context.xml, file:src/main/webapp/WEB-INF/spring/appServlet/servlet-context.xml}', classes = '{}', contextInitializerClasses = '[]', activeProfiles = '{}', propertySourceLocations = '{}', propertySourceProperties = '{}', contextCustomizers = set[[empty]], contextLoader = 'org.springframework.test.context.support.DelegatingSmartContextLoader', parent = [null]]]
(DefaultContextCache.java:290) - Spring test ApplicationContext cache statistics: [DefaultContextCache@4e868ef5 size = 1, maxSize = 32, parentContextCount = 0, hitCount = 15, missCount = 1]
(DependencyInjectionTestExecutionListener.java:81) - Performing dependency injection for test context [[DefaultTestContext@13526e59 testClass = UserDaoJUnit, testInstance = com.pcwk.ehr.user.UserDaoJUnit@4fc142ec, testMethod = [null], testException = [null], mergedContextConfiguration = [MergedContextConfiguration@2235eaab testClass = UserDaoJUnit, locations = '{file:src/main/webapp/WEB-INF/spring/root-context.xml, file:src/main/webapp/WEB-INF/spring/appServlet/servlet-context.xml}', classes = '{}', contextInitializerClasses = '[]', activeProfiles = '{}', propertySourceLocations = '{}', propertySourceProperties = '{}', contextCustomizers = set[[empty]], contextLoader = 'org.springframework.test.context.support.DelegatingSmartContextLoader', parent = [null]], attributes = map['org.springframework.test.context.event.ApplicationEventsTestExecutionListener.recordApplicationEvents' -> false]]].
(DefaultCacheAwareContextLoaderDelegate.java:103) - Retrieved ApplicationContext [949684105] from cache with key [[MergedContextConfiguration@2235eaab testClass = UserDaoJUnit, locations = '{file:src/main/webapp/WEB-INF/spring/root-context.xml, file:src/main/webapp/WEB-INF/spring/appServlet/servlet-context.xml}', classes = '{}', contextInitializerClasses = '[]', activeProfiles = '{}', propertySourceLocations = '{}', propertySourceProperties = '{}', contextCustomizers = set[[empty]], contextLoader = 'org.springframework.test.context.support.DelegatingSmartContextLoader', parent = [null]]]
(DefaultContextCache.java:290) - Spring test ApplicationContext cache statistics: [DefaultContextCache@4e868ef5 size = 1, maxSize = 32, parentContextCount = 0, hitCount = 16, missCount = 1]
(DefaultCacheAwareContextLoaderDelegate.java:103) - Retrieved ApplicationContext [949684105] from cache with key [[MergedContextConfiguration@2235eaab testClass = UserDaoJUnit, locations = '{file:src/main/webapp/WEB-INF/spring/root-context.xml, file:src/main/webapp/WEB-INF/spring/appServlet/servlet-context.xml}', classes = '{}', contextInitializerClasses = '[]', activeProfiles = '{}', propertySourceLocations = '{}', propertySourceProperties = '{}', contextCustomizers = set[[empty]], contextLoader = 'org.springframework.test.context.support.DelegatingSmartContextLoader', parent = [null]]]
(DefaultContextCache.java:290) - Spring test ApplicationContext cache statistics: [DefaultContextCache@4e868ef5 size = 1, maxSize = 32, parentContextCount = 0, hitCount = 17, missCount = 1]
(AbstractDirtiesContextTestExecutionListener.java:108) - Before test method: context [DefaultTestContext@13526e59 testClass = UserDaoJUnit, testInstance = com.pcwk.ehr.user.UserDaoJUnit@4fc142ec, testMethod = beans@UserDaoJUnit, testException = [null], mergedContextConfiguration = [MergedContextConfiguration@2235eaab testClass = UserDaoJUnit, locations = '{file:src/main/webapp/WEB-INF/spring/root-context.xml, file:src/main/webapp/WEB-INF/spring/appServlet/servlet-context.xml}', classes = '{}', contextInitializerClasses = '[]', activeProfiles = '{}', propertySourceLocations = '{}', propertySourceProperties = '{}', contextCustomizers = set[[empty]], contextLoader = 'org.springframework.test.context.support.DelegatingSmartContextLoader', parent = [null]], attributes = map['org.springframework.test.context.event.ApplicationEventsTestExecutionListener.recordApplicationEvents' -> false]], class annotated with @DirtiesContext [false] with mode [null], method annotated with @DirtiesContext [false] with mode [null].
(DefaultCacheAwareContextLoaderDelegate.java:103) - Retrieved ApplicationContext [949684105] from cache with key [[MergedContextConfiguration@2235eaab testClass = UserDaoJUnit, locations = '{file:src/main/webapp/WEB-INF/spring/root-context.xml, file:src/main/webapp/WEB-INF/spring/appServlet/servlet-context.xml}', classes = '{}', contextInitializerClasses = '[]', activeProfiles = '{}', propertySourceLocations = '{}', propertySourceProperties = '{}', contextCustomizers = set[[empty]], contextLoader = 'org.springframework.test.context.support.DelegatingSmartContextLoader', parent = [null]]]
(DefaultContextCache.java:290) - Spring test ApplicationContext cache statistics: [DefaultContextCache@4e868ef5 size = 1, maxSize = 32, parentContextCount = 0, hitCount = 18, missCount = 1]
(UserDaoJUnit.java:56) - context:org.springframework.context.support.GenericApplicationContext@389b0789, started on Fri Dec 13 14:39:44 KST 2024
(DefaultCacheAwareContextLoaderDelegate.java:103) - Retrieved ApplicationContext [949684105] from cache with key [[MergedContextConfiguration@2235eaab testClass = UserDaoJUnit, locations = '{file:src/main/webapp/WEB-INF/spring/root-context.xml, file:src/main/webapp/WEB-INF/spring/appServlet/servlet-context.xml}', classes = '{}', contextInitializerClasses = '[]', activeProfiles = '{}', propertySourceLocations = '{}', propertySourceProperties = '{}', contextCustomizers = set[[empty]], contextLoader = 'org.springframework.test.context.support.DelegatingSmartContextLoader', parent = [null]]]
(DefaultContextCache.java:290) - Spring test ApplicationContext cache statistics: [DefaultContextCache@4e868ef5 size = 1, maxSize = 32, parentContextCount = 0, hitCount = 19, missCount = 1]
(DefaultCacheAwareContextLoaderDelegate.java:103) - Retrieved ApplicationContext [949684105] from cache with key [[MergedContextConfiguration@2235eaab testClass = UserDaoJUnit, locations = '{file:src/main/webapp/WEB-INF/spring/root-context.xml, file:src/main/webapp/WEB-INF/spring/appServlet/servlet-context.xml}', classes = '{}', contextInitializerClasses = '[]', activeProfiles = '{}', propertySourceLocations = '{}', propertySourceProperties = '{}', contextCustomizers = set[[empty]], contextLoader = 'org.springframework.test.context.support.DelegatingSmartContextLoader', parent = [null]]]
(DefaultContextCache.java:290) - Spring test ApplicationContext cache statistics: [DefaultContextCache@4e868ef5 size = 1, maxSize = 32, parentContextCount = 0, hitCount = 20, missCount = 1]
(UserDaoJUnit.java:418) - ==========================================================
(UserDaoJUnit.java:419) - =@After=
(UserDaoJUnit.java:420) - ==========================================================
(DefaultCacheAwareContextLoaderDelegate.java:103) - Retrieved ApplicationContext [949684105] from cache with key [[MergedContextConfiguration@2235eaab testClass = UserDaoJUnit, locations = '{file:src/main/webapp/WEB-INF/spring/root-context.xml, file:src/main/webapp/WEB-INF/spring/appServlet/servlet-context.xml}', classes = '{}', contextInitializerClasses = '[]', activeProfiles = '{}', propertySourceLocations = '{}', propertySourceProperties = '{}', contextCustomizers = set[[empty]], contextLoader = 'org.springframework.test.context.support.DelegatingSmartContextLoader', parent = [null]]]
(DefaultContextCache.java:290) - Spring test ApplicationContext cache statistics: [DefaultContextCache@4e868ef5 size = 1, maxSize = 32, parentContextCount = 0, hitCount = 21, missCount = 1]
(AbstractDirtiesContextTestExecutionListener.java:108) - After test method: context [DefaultTestContext@13526e59 testClass = UserDaoJUnit, testInstance = com.pcwk.ehr.user.UserDaoJUnit@4fc142ec, testMethod = beans@UserDaoJUnit, testException = [null], mergedContextConfiguration = [MergedContextConfiguration@2235eaab testClass = UserDaoJUnit, locations = '{file:src/main/webapp/WEB-INF/spring/root-context.xml, file:src/main/webapp/WEB-INF/spring/appServlet/servlet-context.xml}', classes = '{}', contextInitializerClasses = '[]', activeProfiles = '{}', propertySourceLocations = '{}', propertySourceProperties = '{}', contextCustomizers = set[[empty]], contextLoader = 'org.springframework.test.context.support.DelegatingSmartContextLoader', parent = [null]], attributes = map['org.springframework.test.context.event.ApplicationEventsTestExecutionListener.recordApplicationEvents' -> false]], class annotated with @DirtiesContext [false] with mode [null], method annotated with @DirtiesContext [false] with mode [null].
(DependencyInjectionTestExecutionListener.java:81) - Performing dependency injection for test context [[DefaultTestContext@13526e59 testClass = UserDaoJUnit, testInstance = com.pcwk.ehr.user.UserDaoJUnit@3d5790ea, testMethod = [null], testException = [null], mergedContextConfiguration = [MergedContextConfiguration@2235eaab testClass = UserDaoJUnit, locations = '{file:src/main/webapp/WEB-INF/spring/root-context.xml, file:src/main/webapp/WEB-INF/spring/appServlet/servlet-context.xml}', classes = '{}', contextInitializerClasses = '[]', activeProfiles = '{}', propertySourceLocations = '{}', propertySourceProperties = '{}', contextCustomizers = set[[empty]], contextLoader = 'org.springframework.test.context.support.DelegatingSmartContextLoader', parent = [null]], attributes = map['org.springframework.test.context.event.ApplicationEventsTestExecutionListener.recordApplicationEvents' -> false]]].
(DefaultCacheAwareContextLoaderDelegate.java:103) - Retrieved ApplicationContext [949684105] from cache with key [[MergedContextConfiguration@2235eaab testClass = UserDaoJUnit, locations = '{file:src/main/webapp/WEB-INF/spring/root-context.xml, file:src/main/webapp/WEB-INF/spring/appServlet/servlet-context.xml}', classes = '{}', contextInitializerClasses = '[]', activeProfiles = '{}', propertySourceLocations = '{}', propertySourceProperties = '{}', contextCustomizers = set[[empty]], contextLoader = 'org.springframework.test.context.support.DelegatingSmartContextLoader', parent = [null]]]
(DefaultContextCache.java:290) - Spring test ApplicationContext cache statistics: [DefaultContextCache@4e868ef5 size = 1, maxSize = 32, parentContextCount = 0, hitCount = 22, missCount = 1]
(DefaultCacheAwareContextLoaderDelegate.java:103) - Retrieved ApplicationContext [949684105] from cache with key [[MergedContextConfiguration@2235eaab testClass = UserDaoJUnit, locations = '{file:src/main/webapp/WEB-INF/spring/root-context.xml, file:src/main/webapp/WEB-INF/spring/appServlet/servlet-context.xml}', classes = '{}', contextInitializerClasses = '[]', activeProfiles = '{}', propertySourceLocations = '{}', propertySourceProperties = '{}', contextCustomizers = set[[empty]], contextLoader = 'org.springframework.test.context.support.DelegatingSmartContextLoader', parent = [null]]]
(DefaultContextCache.java:290) - Spring test ApplicationContext cache statistics: [DefaultContextCache@4e868ef5 size = 1, maxSize = 32, parentContextCount = 0, hitCount = 23, missCount = 1]
(DependencyInjectionTestExecutionListener.java:81) - Performing dependency injection for test context [[DefaultTestContext@13526e59 testClass = UserDaoJUnit, testInstance = com.pcwk.ehr.user.UserDaoJUnit@67a3bd51, testMethod = [null], testException = [null], mergedContextConfiguration = [MergedContextConfiguration@2235eaab testClass = UserDaoJUnit, locations = '{file:src/main/webapp/WEB-INF/spring/root-context.xml, file:src/main/webapp/WEB-INF/spring/appServlet/servlet-context.xml}', classes = '{}', contextInitializerClasses = '[]', activeProfiles = '{}', propertySourceLocations = '{}', propertySourceProperties = '{}', contextCustomizers = set[[empty]], contextLoader = 'org.springframework.test.context.support.DelegatingSmartContextLoader', parent = [null]], attributes = map['org.springframework.test.context.event.ApplicationEventsTestExecutionListener.recordApplicationEvents' -> false]]].
(DefaultCacheAwareContextLoaderDelegate.java:103) - Retrieved ApplicationContext [949684105] from cache with key [[MergedContextConfiguration@2235eaab testClass = UserDaoJUnit, locations = '{file:src/main/webapp/WEB-INF/spring/root-context.xml, file:src/main/webapp/WEB-INF/spring/appServlet/servlet-context.xml}', classes = '{}', contextInitializerClasses = '[]', activeProfiles = '{}', propertySourceLocations = '{}', propertySourceProperties = '{}', contextCustomizers = set[[empty]], contextLoader = 'org.springframework.test.context.support.DelegatingSmartContextLoader', parent = [null]]]
(DefaultContextCache.java:290) - Spring test ApplicationContext cache statistics: [DefaultContextCache@4e868ef5 size = 1, maxSize = 32, parentContextCount = 0, hitCount = 24, missCount = 1]
(DefaultCacheAwareContextLoaderDelegate.java:103) - Retrieved ApplicationContext [949684105] from cache with key [[MergedContextConfiguration@2235eaab testClass = UserDaoJUnit, locations = '{file:src/main/webapp/WEB-INF/spring/root-context.xml, file:src/main/webapp/WEB-INF/spring/appServlet/servlet-context.xml}', classes = '{}', contextInitializerClasses = '[]', activeProfiles = '{}', propertySourceLocations = '{}', propertySourceProperties = '{}', contextCustomizers = set[[empty]], contextLoader = 'org.springframework.test.context.support.DelegatingSmartContextLoader', parent = [null]]]
(DefaultContextCache.java:290) - Spring test ApplicationContext cache statistics: [DefaultContextCache@4e868ef5 size = 1, maxSize = 32, parentContextCount = 0, hitCount = 25, missCount = 1]
(AbstractDirtiesContextTestExecutionListener.java:108) - Before test method: context [DefaultTestContext@13526e59 testClass = UserDaoJUnit, testInstance = com.pcwk.ehr.user.UserDaoJUnit@67a3bd51, testMethod = isExistsEmail@UserDaoJUnit, testException = [null], mergedContextConfiguration = [MergedContextConfiguration@2235eaab testClass = UserDaoJUnit, locations = '{file:src/main/webapp/WEB-INF/spring/root-context.xml, file:src/main/webapp/WEB-INF/spring/appServlet/servlet-context.xml}', classes = '{}', contextInitializerClasses = '[]', activeProfiles = '{}', propertySourceLocations = '{}', propertySourceProperties = '{}', contextCustomizers = set[[empty]], contextLoader = 'org.springframework.test.context.support.DelegatingSmartContextLoader', parent = [null]], attributes = map['org.springframework.test.context.event.ApplicationEventsTestExecutionListener.recordApplicationEvents' -> false]], class annotated with @DirtiesContext [false] with mode [null], method annotated with @DirtiesContext [false] with mode [null].
(DefaultCacheAwareContextLoaderDelegate.java:103) - Retrieved ApplicationContext [949684105] from cache with key [[MergedContextConfiguration@2235eaab testClass = UserDaoJUnit, locations = '{file:src/main/webapp/WEB-INF/spring/root-context.xml, file:src/main/webapp/WEB-INF/spring/appServlet/servlet-context.xml}', classes = '{}', contextInitializerClasses = '[]', activeProfiles = '{}', propertySourceLocations = '{}', propertySourceProperties = '{}', contextCustomizers = set[[empty]], contextLoader = 'org.springframework.test.context.support.DelegatingSmartContextLoader', parent = [null]]]
(DefaultContextCache.java:290) - Spring test ApplicationContext cache statistics: [DefaultContextCache@4e868ef5 size = 1, maxSize = 32, parentContextCount = 0, hitCount = 26, missCount = 1]
(UserDaoJUnit.java:56) - context:org.springframework.context.support.GenericApplicationContext@389b0789, started on Fri Dec 13 14:39:44 KST 2024
(DefaultCacheAwareContextLoaderDelegate.java:103) - Retrieved ApplicationContext [949684105] from cache with key [[MergedContextConfiguration@2235eaab testClass = UserDaoJUnit, locations = '{file:src/main/webapp/WEB-INF/spring/root-context.xml, file:src/main/webapp/WEB-INF/spring/appServlet/servlet-context.xml}', classes = '{}', contextInitializerClasses = '[]', activeProfiles = '{}', propertySourceLocations = '{}', propertySourceProperties = '{}', contextCustomizers = set[[empty]], contextLoader = 'org.springframework.test.context.support.DelegatingSmartContextLoader', parent = [null]]]
(DefaultContextCache.java:290) - Spring test ApplicationContext cache statistics: [DefaultContextCache@4e868ef5 size = 1, maxSize = 32, parentContextCount = 0, hitCount = 27, missCount = 1]
(JdbcTemplate.java:538) - Executing SQL update [ DELETE FROM member 
]
(DataSourceUtils.java:117) - Fetching JDBC Connection from DataSource
(JdbcTemplate.java:538) - Executing SQL update [ DELETE FROM email_auth 
]
(DataSourceUtils.java:117) - Fetching JDBC Connection from DataSource
(EmailDaoJdbc.java:74) - 총 삭제 건수 :1
(JdbcTemplate.java:443) - Executing SQL query [ SELECT COUNT(*) totalCnt 
 FROM  member             
]
(DataSourceUtils.java:117) - Fetching JDBC Connection from DataSource
(UserDaoJdbc.java:198) - 1. count:0
(EmailDaoJdbc.java:102) - 1.param:
(EmailDaoJdbc.java:104) - test01@gmail.com
(JdbcTemplate.java:958) - Executing prepared SQL update
(JdbcTemplate.java:640) - Executing prepared SQL statement [INSERT INTO email_auth (email) VALUES (?) ]
(DataSourceUtils.java:117) - Fetching JDBC Connection from DataSource
(EmailDaoJdbc.java:108) - 2.flag:1
(UserDaoJdbc.java:235) - 1.param:
(UserDaoJdbc.java:237) - test01@gmail.com
(UserDaoJdbc.java:237) - 이영민01
(UserDaoJdbc.java:237) - 010934094211
(UserDaoJdbc.java:237) - 영민01
(UserDaoJdbc.java:237) - 인천 주안1동
(JdbcTemplate.java:958) - Executing prepared SQL update
(JdbcTemplate.java:640) - Executing prepared SQL statement [  INSERT INTO member ( 
     email,            
     name,             
     phone,            
     nickname,         
     address           
 ) VALUES ( ?,         
            ?,         
            ?,         
            ?,         
            ?      )   
]
(DataSourceUtils.java:117) - Fetching JDBC Connection from DataSource
(UserDaoJdbc.java:241) - 2.flag:1
(JdbcTemplate.java:443) - Executing SQL query [ SELECT COUNT(*) totalCnt 
 FROM  member             
]
(DataSourceUtils.java:117) - Fetching JDBC Connection from DataSource
(UserDaoJdbc.java:198) - 1. count:1
(JdbcTemplate.java:711) - Executing prepared SQL query
(JdbcTemplate.java:640) - Executing prepared SQL statement [SELECT COUNT(*) 
FROM member     
WHERE email = ? 
]
(DataSourceUtils.java:117) - Fetching JDBC Connection from DataSource
(DefaultCacheAwareContextLoaderDelegate.java:103) - Retrieved ApplicationContext [949684105] from cache with key [[MergedContextConfiguration@2235eaab testClass = UserDaoJUnit, locations = '{file:src/main/webapp/WEB-INF/spring/root-context.xml, file:src/main/webapp/WEB-INF/spring/appServlet/servlet-context.xml}', classes = '{}', contextInitializerClasses = '[]', activeProfiles = '{}', propertySourceLocations = '{}', propertySourceProperties = '{}', contextCustomizers = set[[empty]], contextLoader = 'org.springframework.test.context.support.DelegatingSmartContextLoader', parent = [null]]]
(DefaultContextCache.java:290) - Spring test ApplicationContext cache statistics: [DefaultContextCache@4e868ef5 size = 1, maxSize = 32, parentContextCount = 0, hitCount = 28, missCount = 1]
(UserDaoJUnit.java:418) - ==========================================================
(UserDaoJUnit.java:419) - =@After=
(UserDaoJUnit.java:420) - ==========================================================
(DefaultCacheAwareContextLoaderDelegate.java:103) - Retrieved ApplicationContext [949684105] from cache with key [[MergedContextConfiguration@2235eaab testClass = UserDaoJUnit, locations = '{file:src/main/webapp/WEB-INF/spring/root-context.xml, file:src/main/webapp/WEB-INF/spring/appServlet/servlet-context.xml}', classes = '{}', contextInitializerClasses = '[]', activeProfiles = '{}', propertySourceLocations = '{}', propertySourceProperties = '{}', contextCustomizers = set[[empty]], contextLoader = 'org.springframework.test.context.support.DelegatingSmartContextLoader', parent = [null]]]
(DefaultContextCache.java:290) - Spring test ApplicationContext cache statistics: [DefaultContextCache@4e868ef5 size = 1, maxSize = 32, parentContextCount = 0, hitCount = 29, missCount = 1]
(AbstractDirtiesContextTestExecutionListener.java:108) - After test method: context [DefaultTestContext@13526e59 testClass = UserDaoJUnit, testInstance = com.pcwk.ehr.user.UserDaoJUnit@67a3bd51, testMethod = isExistsEmail@UserDaoJUnit, testException = [null], mergedContextConfiguration = [MergedContextConfiguration@2235eaab testClass = UserDaoJUnit, locations = '{file:src/main/webapp/WEB-INF/spring/root-context.xml, file:src/main/webapp/WEB-INF/spring/appServlet/servlet-context.xml}', classes = '{}', contextInitializerClasses = '[]', activeProfiles = '{}', propertySourceLocations = '{}', propertySourceProperties = '{}', contextCustomizers = set[[empty]], contextLoader = 'org.springframework.test.context.support.DelegatingSmartContextLoader', parent = [null]], attributes = map['org.springframework.test.context.event.ApplicationEventsTestExecutionListener.recordApplicationEvents' -> false]], class annotated with @DirtiesContext [false] with mode [null], method annotated with @DirtiesContext [false] with mode [null].
(DependencyInjectionTestExecutionListener.java:81) - Performing dependency injection for test context [[DefaultTestContext@13526e59 testClass = UserDaoJUnit, testInstance = com.pcwk.ehr.user.UserDaoJUnit@7a389761, testMethod = [null], testException = [null], mergedContextConfiguration = [MergedContextConfiguration@2235eaab testClass = UserDaoJUnit, locations = '{file:src/main/webapp/WEB-INF/spring/root-context.xml, file:src/main/webapp/WEB-INF/spring/appServlet/servlet-context.xml}', classes = '{}', contextInitializerClasses = '[]', activeProfiles = '{}', propertySourceLocations = '{}', propertySourceProperties = '{}', contextCustomizers = set[[empty]], contextLoader = 'org.springframework.test.context.support.DelegatingSmartContextLoader', parent = [null]], attributes = map['org.springframework.test.context.event.ApplicationEventsTestExecutionListener.recordApplicationEvents' -> false]]].
(DefaultCacheAwareContextLoaderDelegate.java:103) - Retrieved ApplicationContext [949684105] from cache with key [[MergedContextConfiguration@2235eaab testClass = UserDaoJUnit, locations = '{file:src/main/webapp/WEB-INF/spring/root-context.xml, file:src/main/webapp/WEB-INF/spring/appServlet/servlet-context.xml}', classes = '{}', contextInitializerClasses = '[]', activeProfiles = '{}', propertySourceLocations = '{}', propertySourceProperties = '{}', contextCustomizers = set[[empty]], contextLoader = 'org.springframework.test.context.support.DelegatingSmartContextLoader', parent = [null]]]
(DefaultContextCache.java:290) - Spring test ApplicationContext cache statistics: [DefaultContextCache@4e868ef5 size = 1, maxSize = 32, parentContextCount = 0, hitCount = 30, missCount = 1]
(DefaultCacheAwareContextLoaderDelegate.java:103) - Retrieved ApplicationContext [949684105] from cache with key [[MergedContextConfiguration@2235eaab testClass = UserDaoJUnit, locations = '{file:src/main/webapp/WEB-INF/spring/root-context.xml, file:src/main/webapp/WEB-INF/spring/appServlet/servlet-context.xml}', classes = '{}', contextInitializerClasses = '[]', activeProfiles = '{}', propertySourceLocations = '{}', propertySourceProperties = '{}', contextCustomizers = set[[empty]], contextLoader = 'org.springframework.test.context.support.DelegatingSmartContextLoader', parent = [null]]]
(DefaultContextCache.java:290) - Spring test ApplicationContext cache statistics: [DefaultContextCache@4e868ef5 size = 1, maxSize = 32, parentContextCount = 0, hitCount = 31, missCount = 1]
(DependencyInjectionTestExecutionListener.java:81) - Performing dependency injection for test context [[DefaultTestContext@13526e59 testClass = UserDaoJUnit, testInstance = com.pcwk.ehr.user.UserDaoJUnit@19650aa6, testMethod = [null], testException = [null], mergedContextConfiguration = [MergedContextConfiguration@2235eaab testClass = UserDaoJUnit, locations = '{file:src/main/webapp/WEB-INF/spring/root-context.xml, file:src/main/webapp/WEB-INF/spring/appServlet/servlet-context.xml}', classes = '{}', contextInitializerClasses = '[]', activeProfiles = '{}', propertySourceLocations = '{}', propertySourceProperties = '{}', contextCustomizers = set[[empty]], contextLoader = 'org.springframework.test.context.support.DelegatingSmartContextLoader', parent = [null]], attributes = map['org.springframework.test.context.event.ApplicationEventsTestExecutionListener.recordApplicationEvents' -> false]]].
(DefaultCacheAwareContextLoaderDelegate.java:103) - Retrieved ApplicationContext [949684105] from cache with key [[MergedContextConfiguration@2235eaab testClass = UserDaoJUnit, locations = '{file:src/main/webapp/WEB-INF/spring/root-context.xml, file:src/main/webapp/WEB-INF/spring/appServlet/servlet-context.xml}', classes = '{}', contextInitializerClasses = '[]', activeProfiles = '{}', propertySourceLocations = '{}', propertySourceProperties = '{}', contextCustomizers = set[[empty]], contextLoader = 'org.springframework.test.context.support.DelegatingSmartContextLoader', parent = [null]]]
(DefaultContextCache.java:290) - Spring test ApplicationContext cache statistics: [DefaultContextCache@4e868ef5 size = 1, maxSize = 32, parentContextCount = 0, hitCount = 32, missCount = 1]
(DefaultCacheAwareContextLoaderDelegate.java:103) - Retrieved ApplicationContext [949684105] from cache with key [[MergedContextConfiguration@2235eaab testClass = UserDaoJUnit, locations = '{file:src/main/webapp/WEB-INF/spring/root-context.xml, file:src/main/webapp/WEB-INF/spring/appServlet/servlet-context.xml}', classes = '{}', contextInitializerClasses = '[]', activeProfiles = '{}', propertySourceLocations = '{}', propertySourceProperties = '{}', contextCustomizers = set[[empty]], contextLoader = 'org.springframework.test.context.support.DelegatingSmartContextLoader', parent = [null]]]
(DefaultContextCache.java:290) - Spring test ApplicationContext cache statistics: [DefaultContextCache@4e868ef5 size = 1, maxSize = 32, parentContextCount = 0, hitCount = 33, missCount = 1]
(DefaultCacheAwareContextLoaderDelegate.java:103) - Retrieved ApplicationContext [949684105] from cache with key [[MergedContextConfiguration@2235eaab testClass = UserDaoJUnit, locations = '{file:src/main/webapp/WEB-INF/spring/root-context.xml, file:src/main/webapp/WEB-INF/spring/appServlet/servlet-context.xml}', classes = '{}', contextInitializerClasses = '[]', activeProfiles = '{}', propertySourceLocations = '{}', propertySourceProperties = '{}', contextCustomizers = set[[empty]], contextLoader = 'org.springframework.test.context.support.DelegatingSmartContextLoader', parent = [null]]]
(DefaultContextCache.java:290) - Spring test ApplicationContext cache statistics: [DefaultContextCache@4e868ef5 size = 1, maxSize = 32, parentContextCount = 0, hitCount = 34, missCount = 1]
(AbstractDirtiesContextTestExecutionListener.java:143) - After test class: context [DefaultTestContext@13526e59 testClass = UserDaoJUnit, testInstance = [null], testMethod = [null], testException = [null], mergedContextConfiguration = [MergedContextConfiguration@2235eaab testClass = UserDaoJUnit, locations = '{file:src/main/webapp/WEB-INF/spring/root-context.xml, file:src/main/webapp/WEB-INF/spring/appServlet/servlet-context.xml}', classes = '{}', contextInitializerClasses = '[]', activeProfiles = '{}', propertySourceLocations = '{}', propertySourceProperties = '{}', contextCustomizers = set[[empty]], contextLoader = 'org.springframework.test.context.support.DelegatingSmartContextLoader', parent = [null]], attributes = map['org.springframework.test.context.event.ApplicationEventsTestExecutionListener.recordApplicationEvents' -> false]], class annotated with @DirtiesContext [false] with mode [null].
(AbstractApplicationContext.java:1063) - Closing org.springframework.context.support.GenericApplicationContext@389b0789, started on Fri Dec 13 14:39:44 KST 2024
(BootstrapUtils.java:108) - Instantiating CacheAwareContextLoaderDelegate from class [org.springframework.test.context.cache.DefaultCacheAwareContextLoaderDelegate]
(BootstrapUtils.java:88) - Instantiating BootstrapContext using constructor [public org.springframework.test.context.support.DefaultBootstrapContext(java.lang.Class,org.springframework.test.context.CacheAwareContextLoaderDelegate)]
(BootstrapUtils.java:143) - Instantiating TestContextBootstrapper for test class [com.pcwk.ehr.user.UserDaoJUnit] from class [org.springframework.test.context.support.DefaultTestContextBootstrapper]
(AbstractDelegatingSmartContextLoader.java:264) - Delegating to GenericXmlContextLoader to process context configuration [ContextConfigurationAttributes@1033576a declaringClass = 'com.pcwk.ehr.user.UserDaoJUnit', classes = '{}', locations = '{file:src/main/webapp/WEB-INF/spring/root-context.xml, file:src/main/webapp/WEB-INF/spring/appServlet/servlet-context.xml}', inheritLocations = true, initializers = '{}', inheritInitializers = true, name = [null], contextLoaderClass = 'org.springframework.test.context.ContextLoader'].
(ActiveProfilesUtils.java:80) - Could not find an 'annotation declaring class' for annotation type [org.springframework.test.context.ActiveProfiles] and class [com.pcwk.ehr.user.UserDaoJUnit]
(AbstractTestContextBootstrapper.java:124) - @TestExecutionListeners is not present for class [com.pcwk.ehr.user.UserDaoJUnit]: using defaults.
(AbstractTestContextBootstrapper.java:245) - Loaded default TestExecutionListener class names from location [META-INF/spring.factories]: [org.springframework.test.context.web.ServletTestExecutionListener, org.springframework.test.context.support.DirtiesContextBeforeModesTestExecutionListener, org.springframework.test.context.event.ApplicationEventsTestExecutionListener, org.springframework.test.context.support.DependencyInjectionTestExecutionListener, org.springframework.test.context.support.DirtiesContextTestExecutionListener, org.springframework.test.context.transaction.TransactionalTestExecutionListener, org.springframework.test.context.jdbc.SqlScriptsTestExecutionListener, org.springframework.test.context.event.EventPublishingTestExecutionListener]
(AbstractTestContextBootstrapper.java:174) - Using TestExecutionListeners: [org.springframework.test.context.web.ServletTestExecutionListener@311bf055, org.springframework.test.context.support.DirtiesContextBeforeModesTestExecutionListener@642a7222, org.springframework.test.context.event.ApplicationEventsTestExecutionListener@7d322cad, org.springframework.test.context.support.DependencyInjectionTestExecutionListener@21be3395, org.springframework.test.context.support.DirtiesContextTestExecutionListener@4f49f6af, org.springframework.test.context.transaction.TransactionalTestExecutionListener@78452606, org.springframework.test.context.jdbc.SqlScriptsTestExecutionListener@147e2ae7, org.springframework.test.context.event.EventPublishingTestExecutionListener@448c8166]
(AbstractDirtiesContextTestExecutionListener.java:143) - Before test class: context [DefaultTestContext@13526e59 testClass = UserDaoJUnit, testInstance = [null], testMethod = [null], testException = [null], mergedContextConfiguration = [MergedContextConfiguration@2235eaab testClass = UserDaoJUnit, locations = '{file:src/main/webapp/WEB-INF/spring/root-context.xml, file:src/main/webapp/WEB-INF/spring/appServlet/servlet-context.xml}', classes = '{}', contextInitializerClasses = '[]', activeProfiles = '{}', propertySourceLocations = '{}', propertySourceProperties = '{}', contextCustomizers = set[[empty]], contextLoader = 'org.springframework.test.context.support.DelegatingSmartContextLoader', parent = [null]], attributes = map[[empty]]], class annotated with @DirtiesContext [false] with mode [null].
(DependencyInjectionTestExecutionListener.java:81) - Performing dependency injection for test context [[DefaultTestContext@13526e59 testClass = UserDaoJUnit, testInstance = com.pcwk.ehr.user.UserDaoJUnit@41488b16, testMethod = [null], testException = [null], mergedContextConfiguration = [MergedContextConfiguration@2235eaab testClass = UserDaoJUnit, locations = '{file:src/main/webapp/WEB-INF/spring/root-context.xml, file:src/main/webapp/WEB-INF/spring/appServlet/servlet-context.xml}', classes = '{}', contextInitializerClasses = '[]', activeProfiles = '{}', propertySourceLocations = '{}', propertySourceProperties = '{}', contextCustomizers = set[[empty]], contextLoader = 'org.springframework.test.context.support.DelegatingSmartContextLoader', parent = [null]], attributes = map['org.springframework.test.context.event.ApplicationEventsTestExecutionListener.recordApplicationEvents' -> false]]].
(AbstractDelegatingSmartContextLoader.java:274) - Delegating to GenericXmlContextLoader to load context from [MergedContextConfiguration@2235eaab testClass = UserDaoJUnit, locations = '{file:src/main/webapp/WEB-INF/spring/root-context.xml, file:src/main/webapp/WEB-INF/spring/appServlet/servlet-context.xml}', classes = '{}', contextInitializerClasses = '[]', activeProfiles = '{}', propertySourceLocations = '{}', propertySourceProperties = '{}', contextCustomizers = set[[empty]], contextLoader = 'org.springframework.test.context.support.DelegatingSmartContextLoader', parent = [null]].
(AbstractGenericContextLoader.java:107) - Loading ApplicationContext for merged context configuration [[MergedContextConfiguration@2235eaab testClass = UserDaoJUnit, locations = '{file:src/main/webapp/WEB-INF/spring/root-context.xml, file:src/main/webapp/WEB-INF/spring/appServlet/servlet-context.xml}', classes = '{}', contextInitializerClasses = '[]', activeProfiles = '{}', propertySourceLocations = '{}', propertySourceProperties = '{}', contextCustomizers = set[[empty]], contextLoader = 'org.springframework.test.context.support.DelegatingSmartContextLoader', parent = [null]]].
(AbstractEnvironment.java:302) - Activating profiles []
(XmlBeanDefinitionReader.java:393) - Loaded 12 bean definitions from URL [file:src/main/webapp/WEB-INF/spring/root-context.xml]
(ClassPathScanningCandidateComponentProvider.java:437) - Identified candidate component class: file [D:\JAP_20240909\04_SPRING\WORKSPACE\DOTOLI_v1.3\target\classes\com\pcwk\ehr\email\controller\EmailController.class]
(ClassPathScanningCandidateComponentProvider.java:437) - Identified candidate component class: file [D:\JAP_20240909\04_SPRING\WORKSPACE\DOTOLI_v1.3\target\classes\com\pcwk\ehr\email\dao\EmailDaoJdbc.class]
(ClassPathScanningCandidateComponentProvider.java:437) - Identified candidate component class: file [D:\JAP_20240909\04_SPRING\WORKSPACE\DOTOLI_v1.3\target\classes\com\pcwk\ehr\email\service\EmailServiceImpl.class]
(ClassPathScanningCandidateComponentProvider.java:437) - Identified candidate component class: file [D:\JAP_20240909\04_SPRING\WORKSPACE\DOTOLI_v1.3\target\classes\com\pcwk\ehr\main\controller\MainController.class]
(ClassPathScanningCandidateComponentProvider.java:437) - Identified candidate component class: file [D:\JAP_20240909\04_SPRING\WORKSPACE\DOTOLI_v1.3\target\classes\com\pcwk\ehr\user\controller\UserController.class]
(ClassPathScanningCandidateComponentProvider.java:437) - Identified candidate component class: file [D:\JAP_20240909\04_SPRING\WORKSPACE\DOTOLI_v1.3\target\classes\com\pcwk\ehr\user\dao\UserDaoJdbc.class]
(ClassPathScanningCandidateComponentProvider.java:437) - Identified candidate component class: file [D:\JAP_20240909\04_SPRING\WORKSPACE\DOTOLI_v1.3\target\classes\com\pcwk\ehr\user\service\UserServiceImpl.class]
(XmlBeanDefinitionReader.java:393) - Loaded 37 bean definitions from URL [file:src/main/webapp/WEB-INF/spring/appServlet/servlet-context.xml]
(DefaultSingletonBeanRegistry.java:225) - Creating shared instance of singleton bean 'org.springframework.context.annotation.internalConfigurationAnnotationProcessor'
(DefaultSingletonBeanRegistry.java:225) - Creating shared instance of singleton bean 'org.springframework.context.event.internalEventListenerProcessor'
(DefaultSingletonBeanRegistry.java:225) - Creating shared instance of singleton bean 'org.springframework.transaction.config.internalTransactionalEventListenerFactory'
(DefaultSingletonBeanRegistry.java:225) - Creating shared instance of singleton bean 'org.springframework.context.event.internalEventListenerFactory'
(DefaultSingletonBeanRegistry.java:225) - Creating shared instance of singleton bean 'org.springframework.context.annotation.internalAutowiredAnnotationProcessor'
(DefaultSingletonBeanRegistry.java:225) - Creating shared instance of singleton bean 'org.springframework.context.annotation.internalCommonAnnotationProcessor'
(DefaultSingletonBeanRegistry.java:225) - Creating shared instance of singleton bean 'org.springframework.aop.config.internalAutoProxyCreator'
(DefaultSingletonBeanRegistry.java:225) - Creating shared instance of singleton bean 'org.springframework.transaction.annotation.AnnotationTransactionAttributeSource#0'
(DefaultSingletonBeanRegistry.java:225) - Creating shared instance of singleton bean 'org.springframework.transaction.config.internalTransactionAdvisor'
(DefaultSingletonBeanRegistry.java:225) - Creating shared instance of singleton bean 'org.springframework.transaction.annotation.AnnotationTransactionAttributeSource#0'
(DefaultSingletonBeanRegistry.java:225) - Creating shared instance of singleton bean 'org.springframework.aop.support.DefaultBeanFactoryPointcutAdvisor#0'
(DefaultSingletonBeanRegistry.java:225) - Creating shared instance of singleton bean 'org.springframework.transaction.config.internalTransactionAdvisor'
(DefaultSingletonBeanRegistry.java:225) - Creating shared instance of singleton bean 'org.springframework.transaction.interceptor.TransactionInterceptor#0'
(DefaultSingletonBeanRegistry.java:225) - Creating shared instance of singleton bean 'txAdvice'
(DefaultSingletonBeanRegistry.java:225) - Creating shared instance of singleton bean 'transactionManager'
(DefaultSingletonBeanRegistry.java:225) - Creating shared instance of singleton bean 'dataSource'
(Log4j2SpyLogDelegator.java:372) - log4jdbc-logj2 properties initialization...
(Log4j2SpyLogDelegator.java:372) - Using logger: null
(Log4j2SpyLogDelegator.java:372) - x log4jdbc.debug.stack.prefix is not defined
(Log4j2SpyLogDelegator.java:372) - x log4jdbc.sqltiming.warn.threshold is not defined
(Log4j2SpyLogDelegator.java:372) - x log4jdbc.sqltiming.error.threshold is not defined
(Log4j2SpyLogDelegator.java:372) - x log4jdbc.dump.booleanastruefalse is not defined (using default value false)
(Log4j2SpyLogDelegator.java:372) - x log4jdbc.dump.sql.maxlinelength is not defined (using default of 90)
(Log4j2SpyLogDelegator.java:372) - x log4jdbc.dump.fulldebugstacktrace is not defined (using default value false)
(Log4j2SpyLogDelegator.java:372) - x log4jdbc.statement.warn is not defined (using default value false)
(Log4j2SpyLogDelegator.java:372) - x log4jdbc.dump.sql.select is not defined (using default value true)
(Log4j2SpyLogDelegator.java:372) - x log4jdbc.dump.sql.insert is not defined (using default value true)
(Log4j2SpyLogDelegator.java:372) - x log4jdbc.dump.sql.update is not defined (using default value true)
(Log4j2SpyLogDelegator.java:372) - x log4jdbc.dump.sql.delete is not defined (using default value true)
(Log4j2SpyLogDelegator.java:372) - x log4jdbc.dump.sql.create is not defined (using default value true)
(Log4j2SpyLogDelegator.java:372) - x log4jdbc.dump.sql.addsemicolon is not defined (using default value false)
(Log4j2SpyLogDelegator.java:372) - x log4jdbc.auto.load.popular.drivers is not defined (using default value true)
(Log4j2SpyLogDelegator.java:372) - x log4jdbc.drivers is not defined
(Log4j2SpyLogDelegator.java:372) - x log4jdbc.trim.sql is not defined (using default value true)
(Log4j2SpyLogDelegator.java:372) - x log4jdbc.trim.sql.extrablanklines is not defined (using default value true)
(Log4j2SpyLogDelegator.java:372) - x log4jdbc.suppress.generated.keys.exception is not defined (using default value false)
(Log4j2SpyLogDelegator.java:372) - log4jdbc-logj2 properties initialization done.
(Log4j2SpyLogDelegator.java:372) - DriverSpy intialization...
(Log4j2SpyLogDelegator.java:372) -   FOUND DRIVER oracle.jdbc.OracleDriver
(Log4j2SpyLogDelegator.java:372) -   FOUND DRIVER oracle.jdbc.driver.OracleDriver
(Log4j2SpyLogDelegator.java:372) - DriverSpy intialization done.
(DefaultSingletonBeanRegistry.java:225) - Creating shared instance of singleton bean 'mailSenderImpl'
(DefaultSingletonBeanRegistry.java:225) - Creating shared instance of singleton bean 'jdbcTemplate'
(DefaultSingletonBeanRegistry.java:225) - Creating shared instance of singleton bean 'mvcContentNegotiationManager'
(DefaultSingletonBeanRegistry.java:225) - Creating shared instance of singleton bean 'org.springframework.web.servlet.mvc.method.annotation.RequestMappingHandlerMapping'
(DefaultSingletonBeanRegistry.java:225) - Creating shared instance of singleton bean 'mvcCorsConfigurations'
(DefaultSingletonBeanRegistry.java:225) - Creating shared instance of singleton bean 'org.springframework.web.servlet.handler.MappedInterceptor#0'
(DefaultSingletonBeanRegistry.java:225) - Creating shared instance of singleton bean 'org.springframework.format.support.FormattingConversionServiceFactoryBean#0'
(DefaultSingletonBeanRegistry.java:225) - Creating shared instance of singleton bean 'org.springframework.web.servlet.handler.MappedInterceptor#1'
(AbstractHandlerMethodMapping.java:367) - 11 mappings in 'org.springframework.web.servlet.mvc.method.annotation.RequestMappingHandlerMapping'
(DefaultSingletonBeanRegistry.java:225) - Creating shared instance of singleton bean 'org.springframework.web.servlet.mvc.method.annotation.RequestMappingHandlerAdapter'
(RequestMappingHandlerAdapter.java:623) - ControllerAdvice beans: none
(DefaultSingletonBeanRegistry.java:225) - Creating shared instance of singleton bean 'mvcUriComponentsContributor'
(RequestMappingHandlerAdapter.java:623) - ControllerAdvice beans: none
(DefaultSingletonBeanRegistry.java:225) - Creating shared instance of singleton bean 'org.springframework.web.servlet.mvc.method.annotation.ExceptionHandlerExceptionResolver#0'
(ExceptionHandlerExceptionResolver.java:304) - ControllerAdvice beans: none
(DefaultSingletonBeanRegistry.java:225) - Creating shared instance of singleton bean 'org.springframework.web.servlet.mvc.annotation.ResponseStatusExceptionResolver#0'
(DefaultSingletonBeanRegistry.java:225) - Creating shared instance of singleton bean 'org.springframework.web.servlet.mvc.support.DefaultHandlerExceptionResolver#0'
(DefaultSingletonBeanRegistry.java:225) - Creating shared instance of singleton bean 'org.springframework.web.servlet.handler.BeanNameUrlHandlerMapping'
(AbstractDetectingUrlHandlerMapping.java:86) - 'org.springframework.web.servlet.handler.BeanNameUrlHandlerMapping' {}
(DefaultSingletonBeanRegistry.java:225) - Creating shared instance of singleton bean 'org.springframework.web.servlet.mvc.HttpRequestHandlerAdapter'
(DefaultSingletonBeanRegistry.java:225) - Creating shared instance of singleton bean 'org.springframework.web.servlet.mvc.SimpleControllerHandlerAdapter'
(DefaultSingletonBeanRegistry.java:225) - Creating shared instance of singleton bean 'localeResolver'
(DefaultSingletonBeanRegistry.java:225) - Creating shared instance of singleton bean 'themeResolver'
(DefaultSingletonBeanRegistry.java:225) - Creating shared instance of singleton bean 'viewNameTranslator'
(DefaultSingletonBeanRegistry.java:225) - Creating shared instance of singleton bean 'flashMapManager'
(DefaultSingletonBeanRegistry.java:225) - Creating shared instance of singleton bean 'mvcResourceUrlProvider'
(DefaultSingletonBeanRegistry.java:225) - Creating shared instance of singleton bean 'mvcPathMatcher'
(DefaultSingletonBeanRegistry.java:225) - Creating shared instance of singleton bean 'mvcUrlPathHelper'
(DefaultSingletonBeanRegistry.java:225) - Creating shared instance of singleton bean 'org.springframework.web.servlet.resource.ResourceHttpRequestHandler#0'
(DefaultSingletonBeanRegistry.java:225) - Creating shared instance of singleton bean 'org.springframework.web.servlet.handler.SimpleUrlHandlerMapping#0'
(SimpleUrlHandlerMapping.java:177) - 'org.springframework.web.servlet.handler.SimpleUrlHandlerMapping#0' {/resources/**=ResourceHttpRequestHandler [classpath [resources/]]}
(DefaultSingletonBeanRegistry.java:225) - Creating shared instance of singleton bean 'org.springframework.web.servlet.view.InternalResourceViewResolver#0'
(DefaultSingletonBeanRegistry.java:225) - Creating shared instance of singleton bean 'emailController'
(DefaultSingletonBeanRegistry.java:225) - Creating shared instance of singleton bean 'emailServiceImpl'
(DefaultSingletonBeanRegistry.java:225) - Creating shared instance of singleton bean 'emailDaoJdbc'
(DefaultSingletonBeanRegistry.java:225) - Creating shared instance of singleton bean 'userServiceImpl'
(DefaultSingletonBeanRegistry.java:225) - Creating shared instance of singleton bean 'userDaoJdbc'
(DefaultSingletonBeanRegistry.java:225) - Creating shared instance of singleton bean 'mainController'
(DefaultSingletonBeanRegistry.java:225) - Creating shared instance of singleton bean 'userController'
(UserController.java:40) - ┌───────────────────────────────────────┐
(UserController.java:41) - │    **UserController() 생성**           │
(UserController.java:42) - └───────────────────────────────────────┘
(DefaultCacheAwareContextLoaderDelegate.java:92) - Storing ApplicationContext [949684105] in cache under key [[MergedContextConfiguration@2235eaab testClass = UserDaoJUnit, locations = '{file:src/main/webapp/WEB-INF/spring/root-context.xml, file:src/main/webapp/WEB-INF/spring/appServlet/servlet-context.xml}', classes = '{}', contextInitializerClasses = '[]', activeProfiles = '{}', propertySourceLocations = '{}', propertySourceProperties = '{}', contextCustomizers = set[[empty]], contextLoader = 'org.springframework.test.context.support.DelegatingSmartContextLoader', parent = [null]]]
(DefaultContextCache.java:290) - Spring test ApplicationContext cache statistics: [DefaultContextCache@4e868ef5 size = 1, maxSize = 32, parentContextCount = 0, hitCount = 0, missCount = 1]
(DefaultCacheAwareContextLoaderDelegate.java:103) - Retrieved ApplicationContext [949684105] from cache with key [[MergedContextConfiguration@2235eaab testClass = UserDaoJUnit, locations = '{file:src/main/webapp/WEB-INF/spring/root-context.xml, file:src/main/webapp/WEB-INF/spring/appServlet/servlet-context.xml}', classes = '{}', contextInitializerClasses = '[]', activeProfiles = '{}', propertySourceLocations = '{}', propertySourceProperties = '{}', contextCustomizers = set[[empty]], contextLoader = 'org.springframework.test.context.support.DelegatingSmartContextLoader', parent = [null]]]
(DefaultContextCache.java:290) - Spring test ApplicationContext cache statistics: [DefaultContextCache@4e868ef5 size = 1, maxSize = 32, parentContextCount = 0, hitCount = 1, missCount = 1]
(DependencyInjectionTestExecutionListener.java:81) - Performing dependency injection for test context [[DefaultTestContext@13526e59 testClass = UserDaoJUnit, testInstance = com.pcwk.ehr.user.UserDaoJUnit@52a36910, testMethod = [null], testException = [null], mergedContextConfiguration = [MergedContextConfiguration@2235eaab testClass = UserDaoJUnit, locations = '{file:src/main/webapp/WEB-INF/spring/root-context.xml, file:src/main/webapp/WEB-INF/spring/appServlet/servlet-context.xml}', classes = '{}', contextInitializerClasses = '[]', activeProfiles = '{}', propertySourceLocations = '{}', propertySourceProperties = '{}', contextCustomizers = set[[empty]], contextLoader = 'org.springframework.test.context.support.DelegatingSmartContextLoader', parent = [null]], attributes = map['org.springframework.test.context.event.ApplicationEventsTestExecutionListener.recordApplicationEvents' -> false]]].
(DefaultCacheAwareContextLoaderDelegate.java:103) - Retrieved ApplicationContext [949684105] from cache with key [[MergedContextConfiguration@2235eaab testClass = UserDaoJUnit, locations = '{file:src/main/webapp/WEB-INF/spring/root-context.xml, file:src/main/webapp/WEB-INF/spring/appServlet/servlet-context.xml}', classes = '{}', contextInitializerClasses = '[]', activeProfiles = '{}', propertySourceLocations = '{}', propertySourceProperties = '{}', contextCustomizers = set[[empty]], contextLoader = 'org.springframework.test.context.support.DelegatingSmartContextLoader', parent = [null]]]
(DefaultContextCache.java:290) - Spring test ApplicationContext cache statistics: [DefaultContextCache@4e868ef5 size = 1, maxSize = 32, parentContextCount = 0, hitCount = 2, missCount = 1]
(DefaultCacheAwareContextLoaderDelegate.java:103) - Retrieved ApplicationContext [949684105] from cache with key [[MergedContextConfiguration@2235eaab testClass = UserDaoJUnit, locations = '{file:src/main/webapp/WEB-INF/spring/root-context.xml, file:src/main/webapp/WEB-INF/spring/appServlet/servlet-context.xml}', classes = '{}', contextInitializerClasses = '[]', activeProfiles = '{}', propertySourceLocations = '{}', propertySourceProperties = '{}', contextCustomizers = set[[empty]], contextLoader = 'org.springframework.test.context.support.DelegatingSmartContextLoader', parent = [null]]]
(DefaultContextCache.java:290) - Spring test ApplicationContext cache statistics: [DefaultContextCache@4e868ef5 size = 1, maxSize = 32, parentContextCount = 0, hitCount = 3, missCount = 1]
(DependencyInjectionTestExecutionListener.java:81) - Performing dependency injection for test context [[DefaultTestContext@13526e59 testClass = UserDaoJUnit, testInstance = com.pcwk.ehr.user.UserDaoJUnit@1d782abe, testMethod = [null], testException = [null], mergedContextConfiguration = [MergedContextConfiguration@2235eaab testClass = UserDaoJUnit, locations = '{file:src/main/webapp/WEB-INF/spring/root-context.xml, file:src/main/webapp/WEB-INF/spring/appServlet/servlet-context.xml}', classes = '{}', contextInitializerClasses = '[]', activeProfiles = '{}', propertySourceLocations = '{}', propertySourceProperties = '{}', contextCustomizers = set[[empty]], contextLoader = 'org.springframework.test.context.support.DelegatingSmartContextLoader', parent = [null]], attributes = map['org.springframework.test.context.event.ApplicationEventsTestExecutionListener.recordApplicationEvents' -> false]]].
(DefaultCacheAwareContextLoaderDelegate.java:103) - Retrieved ApplicationContext [949684105] from cache with key [[MergedContextConfiguration@2235eaab testClass = UserDaoJUnit, locations = '{file:src/main/webapp/WEB-INF/spring/root-context.xml, file:src/main/webapp/WEB-INF/spring/appServlet/servlet-context.xml}', classes = '{}', contextInitializerClasses = '[]', activeProfiles = '{}', propertySourceLocations = '{}', propertySourceProperties = '{}', contextCustomizers = set[[empty]], contextLoader = 'org.springframework.test.context.support.DelegatingSmartContextLoader', parent = [null]]]
(DefaultContextCache.java:290) - Spring test ApplicationContext cache statistics: [DefaultContextCache@4e868ef5 size = 1, maxSize = 32, parentContextCount = 0, hitCount = 4, missCount = 1]
(DefaultCacheAwareContextLoaderDelegate.java:103) - Retrieved ApplicationContext [949684105] from cache with key [[MergedContextConfiguration@2235eaab testClass = UserDaoJUnit, locations = '{file:src/main/webapp/WEB-INF/spring/root-context.xml, file:src/main/webapp/WEB-INF/spring/appServlet/servlet-context.xml}', classes = '{}', contextInitializerClasses = '[]', activeProfiles = '{}', propertySourceLocations = '{}', propertySourceProperties = '{}', contextCustomizers = set[[empty]], contextLoader = 'org.springframework.test.context.support.DelegatingSmartContextLoader', parent = [null]]]
(DefaultContextCache.java:290) - Spring test ApplicationContext cache statistics: [DefaultContextCache@4e868ef5 size = 1, maxSize = 32, parentContextCount = 0, hitCount = 5, missCount = 1]
(DependencyInjectionTestExecutionListener.java:81) - Performing dependency injection for test context [[DefaultTestContext@13526e59 testClass = UserDaoJUnit, testInstance = com.pcwk.ehr.user.UserDaoJUnit@27b22f74, testMethod = [null], testException = [null], mergedContextConfiguration = [MergedContextConfiguration@2235eaab testClass = UserDaoJUnit, locations = '{file:src/main/webapp/WEB-INF/spring/root-context.xml, file:src/main/webapp/WEB-INF/spring/appServlet/servlet-context.xml}', classes = '{}', contextInitializerClasses = '[]', activeProfiles = '{}', propertySourceLocations = '{}', propertySourceProperties = '{}', contextCustomizers = set[[empty]], contextLoader = 'org.springframework.test.context.support.DelegatingSmartContextLoader', parent = [null]], attributes = map['org.springframework.test.context.event.ApplicationEventsTestExecutionListener.recordApplicationEvents' -> false]]].
(DefaultCacheAwareContextLoaderDelegate.java:103) - Retrieved ApplicationContext [949684105] from cache with key [[MergedContextConfiguration@2235eaab testClass = UserDaoJUnit, locations = '{file:src/main/webapp/WEB-INF/spring/root-context.xml, file:src/main/webapp/WEB-INF/spring/appServlet/servlet-context.xml}', classes = '{}', contextInitializerClasses = '[]', activeProfiles = '{}', propertySourceLocations = '{}', propertySourceProperties = '{}', contextCustomizers = set[[empty]], contextLoader = 'org.springframework.test.context.support.DelegatingSmartContextLoader', parent = [null]]]
(DefaultContextCache.java:290) - Spring test ApplicationContext cache statistics: [DefaultContextCache@4e868ef5 size = 1, maxSize = 32, parentContextCount = 0, hitCount = 6, missCount = 1]
(DefaultCacheAwareContextLoaderDelegate.java:103) - Retrieved ApplicationContext [949684105] from cache with key [[MergedContextConfiguration@2235eaab testClass = UserDaoJUnit, locations = '{file:src/main/webapp/WEB-INF/spring/root-context.xml, file:src/main/webapp/WEB-INF/spring/appServlet/servlet-context.xml}', classes = '{}', contextInitializerClasses = '[]', activeProfiles = '{}', propertySourceLocations = '{}', propertySourceProperties = '{}', contextCustomizers = set[[empty]], contextLoader = 'org.springframework.test.context.support.DelegatingSmartContextLoader', parent = [null]]]
(DefaultContextCache.java:290) - Spring test ApplicationContext cache statistics: [DefaultContextCache@4e868ef5 size = 1, maxSize = 32, parentContextCount = 0, hitCount = 7, missCount = 1]
(AbstractDirtiesContextTestExecutionListener.java:108) - Before test method: context [DefaultTestContext@13526e59 testClass = UserDaoJUnit, testInstance = com.pcwk.ehr.user.UserDaoJUnit@27b22f74, testMethod = doSelectEamil_By_Name_Phone@UserDaoJUnit, testException = [null], mergedContextConfiguration = [MergedContextConfiguration@2235eaab testClass = UserDaoJUnit, locations = '{file:src/main/webapp/WEB-INF/spring/root-context.xml, file:src/main/webapp/WEB-INF/spring/appServlet/servlet-context.xml}', classes = '{}', contextInitializerClasses = '[]', activeProfiles = '{}', propertySourceLocations = '{}', propertySourceProperties = '{}', contextCustomizers = set[[empty]], contextLoader = 'org.springframework.test.context.support.DelegatingSmartContextLoader', parent = [null]], attributes = map['org.springframework.test.context.event.ApplicationEventsTestExecutionListener.recordApplicationEvents' -> false]], class annotated with @DirtiesContext [false] with mode [null], method annotated with @DirtiesContext [false] with mode [null].
(DefaultCacheAwareContextLoaderDelegate.java:103) - Retrieved ApplicationContext [949684105] from cache with key [[MergedContextConfiguration@2235eaab testClass = UserDaoJUnit, locations = '{file:src/main/webapp/WEB-INF/spring/root-context.xml, file:src/main/webapp/WEB-INF/spring/appServlet/servlet-context.xml}', classes = '{}', contextInitializerClasses = '[]', activeProfiles = '{}', propertySourceLocations = '{}', propertySourceProperties = '{}', contextCustomizers = set[[empty]], contextLoader = 'org.springframework.test.context.support.DelegatingSmartContextLoader', parent = [null]]]
(DefaultContextCache.java:290) - Spring test ApplicationContext cache statistics: [DefaultContextCache@4e868ef5 size = 1, maxSize = 32, parentContextCount = 0, hitCount = 8, missCount = 1]
(UserDaoJUnit.java:56) - context:org.springframework.context.support.GenericApplicationContext@389b0789, started on Fri Dec 13 14:39:55 KST 2024
(DefaultCacheAwareContextLoaderDelegate.java:103) - Retrieved ApplicationContext [949684105] from cache with key [[MergedContextConfiguration@2235eaab testClass = UserDaoJUnit, locations = '{file:src/main/webapp/WEB-INF/spring/root-context.xml, file:src/main/webapp/WEB-INF/spring/appServlet/servlet-context.xml}', classes = '{}', contextInitializerClasses = '[]', activeProfiles = '{}', propertySourceLocations = '{}', propertySourceProperties = '{}', contextCustomizers = set[[empty]], contextLoader = 'org.springframework.test.context.support.DelegatingSmartContextLoader', parent = [null]]]
(DefaultContextCache.java:290) - Spring test ApplicationContext cache statistics: [DefaultContextCache@4e868ef5 size = 1, maxSize = 32, parentContextCount = 0, hitCount = 9, missCount = 1]
(JdbcTemplate.java:711) - Executing prepared SQL query
(JdbcTemplate.java:640) - Executing prepared SQL statement [SELECT email     
  FROM member    
 WHERE name = ?  
   AND phone = ? 
]
(DataSourceUtils.java:117) - Fetching JDBC Connection from DataSource
(DefaultCacheAwareContextLoaderDelegate.java:103) - Retrieved ApplicationContext [949684105] from cache with key [[MergedContextConfiguration@2235eaab testClass = UserDaoJUnit, locations = '{file:src/main/webapp/WEB-INF/spring/root-context.xml, file:src/main/webapp/WEB-INF/spring/appServlet/servlet-context.xml}', classes = '{}', contextInitializerClasses = '[]', activeProfiles = '{}', propertySourceLocations = '{}', propertySourceProperties = '{}', contextCustomizers = set[[empty]], contextLoader = 'org.springframework.test.context.support.DelegatingSmartContextLoader', parent = [null]]]
(DefaultContextCache.java:290) - Spring test ApplicationContext cache statistics: [DefaultContextCache@4e868ef5 size = 1, maxSize = 32, parentContextCount = 0, hitCount = 10, missCount = 1]
(UserDaoJUnit.java:418) - ==========================================================
(UserDaoJUnit.java:419) - =@After=
(UserDaoJUnit.java:420) - ==========================================================
(DefaultCacheAwareContextLoaderDelegate.java:103) - Retrieved ApplicationContext [949684105] from cache with key [[MergedContextConfiguration@2235eaab testClass = UserDaoJUnit, locations = '{file:src/main/webapp/WEB-INF/spring/root-context.xml, file:src/main/webapp/WEB-INF/spring/appServlet/servlet-context.xml}', classes = '{}', contextInitializerClasses = '[]', activeProfiles = '{}', propertySourceLocations = '{}', propertySourceProperties = '{}', contextCustomizers = set[[empty]], contextLoader = 'org.springframework.test.context.support.DelegatingSmartContextLoader', parent = [null]]]
(DefaultContextCache.java:290) - Spring test ApplicationContext cache statistics: [DefaultContextCache@4e868ef5 size = 1, maxSize = 32, parentContextCount = 0, hitCount = 11, missCount = 1]
(AbstractDirtiesContextTestExecutionListener.java:108) - After test method: context [DefaultTestContext@13526e59 testClass = UserDaoJUnit, testInstance = com.pcwk.ehr.user.UserDaoJUnit@27b22f74, testMethod = doSelectEamil_By_Name_Phone@UserDaoJUnit, testException = org.springframework.dao.EmptyResultDataAccessException: Incorrect result size: expected 1, actual 0, mergedContextConfiguration = [MergedContextConfiguration@2235eaab testClass = UserDaoJUnit, locations = '{file:src/main/webapp/WEB-INF/spring/root-context.xml, file:src/main/webapp/WEB-INF/spring/appServlet/servlet-context.xml}', classes = '{}', contextInitializerClasses = '[]', activeProfiles = '{}', propertySourceLocations = '{}', propertySourceProperties = '{}', contextCustomizers = set[[empty]], contextLoader = 'org.springframework.test.context.support.DelegatingSmartContextLoader', parent = [null]], attributes = map['org.springframework.test.context.event.ApplicationEventsTestExecutionListener.recordApplicationEvents' -> false]], class annotated with @DirtiesContext [false] with mode [null], method annotated with @DirtiesContext [false] with mode [null].
(DependencyInjectionTestExecutionListener.java:81) - Performing dependency injection for test context [[DefaultTestContext@13526e59 testClass = UserDaoJUnit, testInstance = com.pcwk.ehr.user.UserDaoJUnit@6ba7383d, testMethod = [null], testException = [null], mergedContextConfiguration = [MergedContextConfiguration@2235eaab testClass = UserDaoJUnit, locations = '{file:src/main/webapp/WEB-INF/spring/root-context.xml, file:src/main/webapp/WEB-INF/spring/appServlet/servlet-context.xml}', classes = '{}', contextInitializerClasses = '[]', activeProfiles = '{}', propertySourceLocations = '{}', propertySourceProperties = '{}', contextCustomizers = set[[empty]], contextLoader = 'org.springframework.test.context.support.DelegatingSmartContextLoader', parent = [null]], attributes = map['org.springframework.test.context.event.ApplicationEventsTestExecutionListener.recordApplicationEvents' -> false]]].
(DefaultCacheAwareContextLoaderDelegate.java:103) - Retrieved ApplicationContext [949684105] from cache with key [[MergedContextConfiguration@2235eaab testClass = UserDaoJUnit, locations = '{file:src/main/webapp/WEB-INF/spring/root-context.xml, file:src/main/webapp/WEB-INF/spring/appServlet/servlet-context.xml}', classes = '{}', contextInitializerClasses = '[]', activeProfiles = '{}', propertySourceLocations = '{}', propertySourceProperties = '{}', contextCustomizers = set[[empty]], contextLoader = 'org.springframework.test.context.support.DelegatingSmartContextLoader', parent = [null]]]
(DefaultContextCache.java:290) - Spring test ApplicationContext cache statistics: [DefaultContextCache@4e868ef5 size = 1, maxSize = 32, parentContextCount = 0, hitCount = 12, missCount = 1]
(DefaultCacheAwareContextLoaderDelegate.java:103) - Retrieved ApplicationContext [949684105] from cache with key [[MergedContextConfiguration@2235eaab testClass = UserDaoJUnit, locations = '{file:src/main/webapp/WEB-INF/spring/root-context.xml, file:src/main/webapp/WEB-INF/spring/appServlet/servlet-context.xml}', classes = '{}', contextInitializerClasses = '[]', activeProfiles = '{}', propertySourceLocations = '{}', propertySourceProperties = '{}', contextCustomizers = set[[empty]], contextLoader = 'org.springframework.test.context.support.DelegatingSmartContextLoader', parent = [null]]]
(DefaultContextCache.java:290) - Spring test ApplicationContext cache statistics: [DefaultContextCache@4e868ef5 size = 1, maxSize = 32, parentContextCount = 0, hitCount = 13, missCount = 1]
(DependencyInjectionTestExecutionListener.java:81) - Performing dependency injection for test context [[DefaultTestContext@13526e59 testClass = UserDaoJUnit, testInstance = com.pcwk.ehr.user.UserDaoJUnit@710d89e2, testMethod = [null], testException = [null], mergedContextConfiguration = [MergedContextConfiguration@2235eaab testClass = UserDaoJUnit, locations = '{file:src/main/webapp/WEB-INF/spring/root-context.xml, file:src/main/webapp/WEB-INF/spring/appServlet/servlet-context.xml}', classes = '{}', contextInitializerClasses = '[]', activeProfiles = '{}', propertySourceLocations = '{}', propertySourceProperties = '{}', contextCustomizers = set[[empty]], contextLoader = 'org.springframework.test.context.support.DelegatingSmartContextLoader', parent = [null]], attributes = map['org.springframework.test.context.event.ApplicationEventsTestExecutionListener.recordApplicationEvents' -> false]]].
(DefaultCacheAwareContextLoaderDelegate.java:103) - Retrieved ApplicationContext [949684105] from cache with key [[MergedContextConfiguration@2235eaab testClass = UserDaoJUnit, locations = '{file:src/main/webapp/WEB-INF/spring/root-context.xml, file:src/main/webapp/WEB-INF/spring/appServlet/servlet-context.xml}', classes = '{}', contextInitializerClasses = '[]', activeProfiles = '{}', propertySourceLocations = '{}', propertySourceProperties = '{}', contextCustomizers = set[[empty]], contextLoader = 'org.springframework.test.context.support.DelegatingSmartContextLoader', parent = [null]]]
(DefaultContextCache.java:290) - Spring test ApplicationContext cache statistics: [DefaultContextCache@4e868ef5 size = 1, maxSize = 32, parentContextCount = 0, hitCount = 14, missCount = 1]
(DefaultCacheAwareContextLoaderDelegate.java:103) - Retrieved ApplicationContext [949684105] from cache with key [[MergedContextConfiguration@2235eaab testClass = UserDaoJUnit, locations = '{file:src/main/webapp/WEB-INF/spring/root-context.xml, file:src/main/webapp/WEB-INF/spring/appServlet/servlet-context.xml}', classes = '{}', contextInitializerClasses = '[]', activeProfiles = '{}', propertySourceLocations = '{}', propertySourceProperties = '{}', contextCustomizers = set[[empty]], contextLoader = 'org.springframework.test.context.support.DelegatingSmartContextLoader', parent = [null]]]
(DefaultContextCache.java:290) - Spring test ApplicationContext cache statistics: [DefaultContextCache@4e868ef5 size = 1, maxSize = 32, parentContextCount = 0, hitCount = 15, missCount = 1]
(DependencyInjectionTestExecutionListener.java:81) - Performing dependency injection for test context [[DefaultTestContext@13526e59 testClass = UserDaoJUnit, testInstance = com.pcwk.ehr.user.UserDaoJUnit@4fc142ec, testMethod = [null], testException = [null], mergedContextConfiguration = [MergedContextConfiguration@2235eaab testClass = UserDaoJUnit, locations = '{file:src/main/webapp/WEB-INF/spring/root-context.xml, file:src/main/webapp/WEB-INF/spring/appServlet/servlet-context.xml}', classes = '{}', contextInitializerClasses = '[]', activeProfiles = '{}', propertySourceLocations = '{}', propertySourceProperties = '{}', contextCustomizers = set[[empty]], contextLoader = 'org.springframework.test.context.support.DelegatingSmartContextLoader', parent = [null]], attributes = map['org.springframework.test.context.event.ApplicationEventsTestExecutionListener.recordApplicationEvents' -> false]]].
(DefaultCacheAwareContextLoaderDelegate.java:103) - Retrieved ApplicationContext [949684105] from cache with key [[MergedContextConfiguration@2235eaab testClass = UserDaoJUnit, locations = '{file:src/main/webapp/WEB-INF/spring/root-context.xml, file:src/main/webapp/WEB-INF/spring/appServlet/servlet-context.xml}', classes = '{}', contextInitializerClasses = '[]', activeProfiles = '{}', propertySourceLocations = '{}', propertySourceProperties = '{}', contextCustomizers = set[[empty]], contextLoader = 'org.springframework.test.context.support.DelegatingSmartContextLoader', parent = [null]]]
(DefaultContextCache.java:290) - Spring test ApplicationContext cache statistics: [DefaultContextCache@4e868ef5 size = 1, maxSize = 32, parentContextCount = 0, hitCount = 16, missCount = 1]
(DefaultCacheAwareContextLoaderDelegate.java:103) - Retrieved ApplicationContext [949684105] from cache with key [[MergedContextConfiguration@2235eaab testClass = UserDaoJUnit, locations = '{file:src/main/webapp/WEB-INF/spring/root-context.xml, file:src/main/webapp/WEB-INF/spring/appServlet/servlet-context.xml}', classes = '{}', contextInitializerClasses = '[]', activeProfiles = '{}', propertySourceLocations = '{}', propertySourceProperties = '{}', contextCustomizers = set[[empty]], contextLoader = 'org.springframework.test.context.support.DelegatingSmartContextLoader', parent = [null]]]
(DefaultContextCache.java:290) - Spring test ApplicationContext cache statistics: [DefaultContextCache@4e868ef5 size = 1, maxSize = 32, parentContextCount = 0, hitCount = 17, missCount = 1]
(AbstractDirtiesContextTestExecutionListener.java:108) - Before test method: context [DefaultTestContext@13526e59 testClass = UserDaoJUnit, testInstance = com.pcwk.ehr.user.UserDaoJUnit@4fc142ec, testMethod = beans@UserDaoJUnit, testException = [null], mergedContextConfiguration = [MergedContextConfiguration@2235eaab testClass = UserDaoJUnit, locations = '{file:src/main/webapp/WEB-INF/spring/root-context.xml, file:src/main/webapp/WEB-INF/spring/appServlet/servlet-context.xml}', classes = '{}', contextInitializerClasses = '[]', activeProfiles = '{}', propertySourceLocations = '{}', propertySourceProperties = '{}', contextCustomizers = set[[empty]], contextLoader = 'org.springframework.test.context.support.DelegatingSmartContextLoader', parent = [null]], attributes = map['org.springframework.test.context.event.ApplicationEventsTestExecutionListener.recordApplicationEvents' -> false]], class annotated with @DirtiesContext [false] with mode [null], method annotated with @DirtiesContext [false] with mode [null].
(DefaultCacheAwareContextLoaderDelegate.java:103) - Retrieved ApplicationContext [949684105] from cache with key [[MergedContextConfiguration@2235eaab testClass = UserDaoJUnit, locations = '{file:src/main/webapp/WEB-INF/spring/root-context.xml, file:src/main/webapp/WEB-INF/spring/appServlet/servlet-context.xml}', classes = '{}', contextInitializerClasses = '[]', activeProfiles = '{}', propertySourceLocations = '{}', propertySourceProperties = '{}', contextCustomizers = set[[empty]], contextLoader = 'org.springframework.test.context.support.DelegatingSmartContextLoader', parent = [null]]]
(DefaultContextCache.java:290) - Spring test ApplicationContext cache statistics: [DefaultContextCache@4e868ef5 size = 1, maxSize = 32, parentContextCount = 0, hitCount = 18, missCount = 1]
(UserDaoJUnit.java:56) - context:org.springframework.context.support.GenericApplicationContext@389b0789, started on Fri Dec 13 14:39:55 KST 2024
(DefaultCacheAwareContextLoaderDelegate.java:103) - Retrieved ApplicationContext [949684105] from cache with key [[MergedContextConfiguration@2235eaab testClass = UserDaoJUnit, locations = '{file:src/main/webapp/WEB-INF/spring/root-context.xml, file:src/main/webapp/WEB-INF/spring/appServlet/servlet-context.xml}', classes = '{}', contextInitializerClasses = '[]', activeProfiles = '{}', propertySourceLocations = '{}', propertySourceProperties = '{}', contextCustomizers = set[[empty]], contextLoader = 'org.springframework.test.context.support.DelegatingSmartContextLoader', parent = [null]]]
(DefaultContextCache.java:290) - Spring test ApplicationContext cache statistics: [DefaultContextCache@4e868ef5 size = 1, maxSize = 32, parentContextCount = 0, hitCount = 19, missCount = 1]
(DefaultCacheAwareContextLoaderDelegate.java:103) - Retrieved ApplicationContext [949684105] from cache with key [[MergedContextConfiguration@2235eaab testClass = UserDaoJUnit, locations = '{file:src/main/webapp/WEB-INF/spring/root-context.xml, file:src/main/webapp/WEB-INF/spring/appServlet/servlet-context.xml}', classes = '{}', contextInitializerClasses = '[]', activeProfiles = '{}', propertySourceLocations = '{}', propertySourceProperties = '{}', contextCustomizers = set[[empty]], contextLoader = 'org.springframework.test.context.support.DelegatingSmartContextLoader', parent = [null]]]
(DefaultContextCache.java:290) - Spring test ApplicationContext cache statistics: [DefaultContextCache@4e868ef5 size = 1, maxSize = 32, parentContextCount = 0, hitCount = 20, missCount = 1]
(UserDaoJUnit.java:418) - ==========================================================
(UserDaoJUnit.java:419) - =@After=
(UserDaoJUnit.java:420) - ==========================================================
(DefaultCacheAwareContextLoaderDelegate.java:103) - Retrieved ApplicationContext [949684105] from cache with key [[MergedContextConfiguration@2235eaab testClass = UserDaoJUnit, locations = '{file:src/main/webapp/WEB-INF/spring/root-context.xml, file:src/main/webapp/WEB-INF/spring/appServlet/servlet-context.xml}', classes = '{}', contextInitializerClasses = '[]', activeProfiles = '{}', propertySourceLocations = '{}', propertySourceProperties = '{}', contextCustomizers = set[[empty]], contextLoader = 'org.springframework.test.context.support.DelegatingSmartContextLoader', parent = [null]]]
(DefaultContextCache.java:290) - Spring test ApplicationContext cache statistics: [DefaultContextCache@4e868ef5 size = 1, maxSize = 32, parentContextCount = 0, hitCount = 21, missCount = 1]
(AbstractDirtiesContextTestExecutionListener.java:108) - After test method: context [DefaultTestContext@13526e59 testClass = UserDaoJUnit, testInstance = com.pcwk.ehr.user.UserDaoJUnit@4fc142ec, testMethod = beans@UserDaoJUnit, testException = [null], mergedContextConfiguration = [MergedContextConfiguration@2235eaab testClass = UserDaoJUnit, locations = '{file:src/main/webapp/WEB-INF/spring/root-context.xml, file:src/main/webapp/WEB-INF/spring/appServlet/servlet-context.xml}', classes = '{}', contextInitializerClasses = '[]', activeProfiles = '{}', propertySourceLocations = '{}', propertySourceProperties = '{}', contextCustomizers = set[[empty]], contextLoader = 'org.springframework.test.context.support.DelegatingSmartContextLoader', parent = [null]], attributes = map['org.springframework.test.context.event.ApplicationEventsTestExecutionListener.recordApplicationEvents' -> false]], class annotated with @DirtiesContext [false] with mode [null], method annotated with @DirtiesContext [false] with mode [null].
(DependencyInjectionTestExecutionListener.java:81) - Performing dependency injection for test context [[DefaultTestContext@13526e59 testClass = UserDaoJUnit, testInstance = com.pcwk.ehr.user.UserDaoJUnit@3d5790ea, testMethod = [null], testException = [null], mergedContextConfiguration = [MergedContextConfiguration@2235eaab testClass = UserDaoJUnit, locations = '{file:src/main/webapp/WEB-INF/spring/root-context.xml, file:src/main/webapp/WEB-INF/spring/appServlet/servlet-context.xml}', classes = '{}', contextInitializerClasses = '[]', activeProfiles = '{}', propertySourceLocations = '{}', propertySourceProperties = '{}', contextCustomizers = set[[empty]], contextLoader = 'org.springframework.test.context.support.DelegatingSmartContextLoader', parent = [null]], attributes = map['org.springframework.test.context.event.ApplicationEventsTestExecutionListener.recordApplicationEvents' -> false]]].
(DefaultCacheAwareContextLoaderDelegate.java:103) - Retrieved ApplicationContext [949684105] from cache with key [[MergedContextConfiguration@2235eaab testClass = UserDaoJUnit, locations = '{file:src/main/webapp/WEB-INF/spring/root-context.xml, file:src/main/webapp/WEB-INF/spring/appServlet/servlet-context.xml}', classes = '{}', contextInitializerClasses = '[]', activeProfiles = '{}', propertySourceLocations = '{}', propertySourceProperties = '{}', contextCustomizers = set[[empty]], contextLoader = 'org.springframework.test.context.support.DelegatingSmartContextLoader', parent = [null]]]
(DefaultContextCache.java:290) - Spring test ApplicationContext cache statistics: [DefaultContextCache@4e868ef5 size = 1, maxSize = 32, parentContextCount = 0, hitCount = 22, missCount = 1]
(DefaultCacheAwareContextLoaderDelegate.java:103) - Retrieved ApplicationContext [949684105] from cache with key [[MergedContextConfiguration@2235eaab testClass = UserDaoJUnit, locations = '{file:src/main/webapp/WEB-INF/spring/root-context.xml, file:src/main/webapp/WEB-INF/spring/appServlet/servlet-context.xml}', classes = '{}', contextInitializerClasses = '[]', activeProfiles = '{}', propertySourceLocations = '{}', propertySourceProperties = '{}', contextCustomizers = set[[empty]], contextLoader = 'org.springframework.test.context.support.DelegatingSmartContextLoader', parent = [null]]]
(DefaultContextCache.java:290) - Spring test ApplicationContext cache statistics: [DefaultContextCache@4e868ef5 size = 1, maxSize = 32, parentContextCount = 0, hitCount = 23, missCount = 1]
(DependencyInjectionTestExecutionListener.java:81) - Performing dependency injection for test context [[DefaultTestContext@13526e59 testClass = UserDaoJUnit, testInstance = com.pcwk.ehr.user.UserDaoJUnit@67a3bd51, testMethod = [null], testException = [null], mergedContextConfiguration = [MergedContextConfiguration@2235eaab testClass = UserDaoJUnit, locations = '{file:src/main/webapp/WEB-INF/spring/root-context.xml, file:src/main/webapp/WEB-INF/spring/appServlet/servlet-context.xml}', classes = '{}', contextInitializerClasses = '[]', activeProfiles = '{}', propertySourceLocations = '{}', propertySourceProperties = '{}', contextCustomizers = set[[empty]], contextLoader = 'org.springframework.test.context.support.DelegatingSmartContextLoader', parent = [null]], attributes = map['org.springframework.test.context.event.ApplicationEventsTestExecutionListener.recordApplicationEvents' -> false]]].
(DefaultCacheAwareContextLoaderDelegate.java:103) - Retrieved ApplicationContext [949684105] from cache with key [[MergedContextConfiguration@2235eaab testClass = UserDaoJUnit, locations = '{file:src/main/webapp/WEB-INF/spring/root-context.xml, file:src/main/webapp/WEB-INF/spring/appServlet/servlet-context.xml}', classes = '{}', contextInitializerClasses = '[]', activeProfiles = '{}', propertySourceLocations = '{}', propertySourceProperties = '{}', contextCustomizers = set[[empty]], contextLoader = 'org.springframework.test.context.support.DelegatingSmartContextLoader', parent = [null]]]
(DefaultContextCache.java:290) - Spring test ApplicationContext cache statistics: [DefaultContextCache@4e868ef5 size = 1, maxSize = 32, parentContextCount = 0, hitCount = 24, missCount = 1]
(DefaultCacheAwareContextLoaderDelegate.java:103) - Retrieved ApplicationContext [949684105] from cache with key [[MergedContextConfiguration@2235eaab testClass = UserDaoJUnit, locations = '{file:src/main/webapp/WEB-INF/spring/root-context.xml, file:src/main/webapp/WEB-INF/spring/appServlet/servlet-context.xml}', classes = '{}', contextInitializerClasses = '[]', activeProfiles = '{}', propertySourceLocations = '{}', propertySourceProperties = '{}', contextCustomizers = set[[empty]], contextLoader = 'org.springframework.test.context.support.DelegatingSmartContextLoader', parent = [null]]]
(DefaultContextCache.java:290) - Spring test ApplicationContext cache statistics: [DefaultContextCache@4e868ef5 size = 1, maxSize = 32, parentContextCount = 0, hitCount = 25, missCount = 1]
(AbstractDirtiesContextTestExecutionListener.java:108) - Before test method: context [DefaultTestContext@13526e59 testClass = UserDaoJUnit, testInstance = com.pcwk.ehr.user.UserDaoJUnit@67a3bd51, testMethod = isExistsEmail@UserDaoJUnit, testException = [null], mergedContextConfiguration = [MergedContextConfiguration@2235eaab testClass = UserDaoJUnit, locations = '{file:src/main/webapp/WEB-INF/spring/root-context.xml, file:src/main/webapp/WEB-INF/spring/appServlet/servlet-context.xml}', classes = '{}', contextInitializerClasses = '[]', activeProfiles = '{}', propertySourceLocations = '{}', propertySourceProperties = '{}', contextCustomizers = set[[empty]], contextLoader = 'org.springframework.test.context.support.DelegatingSmartContextLoader', parent = [null]], attributes = map['org.springframework.test.context.event.ApplicationEventsTestExecutionListener.recordApplicationEvents' -> false]], class annotated with @DirtiesContext [false] with mode [null], method annotated with @DirtiesContext [false] with mode [null].
(DefaultCacheAwareContextLoaderDelegate.java:103) - Retrieved ApplicationContext [949684105] from cache with key [[MergedContextConfiguration@2235eaab testClass = UserDaoJUnit, locations = '{file:src/main/webapp/WEB-INF/spring/root-context.xml, file:src/main/webapp/WEB-INF/spring/appServlet/servlet-context.xml}', classes = '{}', contextInitializerClasses = '[]', activeProfiles = '{}', propertySourceLocations = '{}', propertySourceProperties = '{}', contextCustomizers = set[[empty]], contextLoader = 'org.springframework.test.context.support.DelegatingSmartContextLoader', parent = [null]]]
(DefaultContextCache.java:290) - Spring test ApplicationContext cache statistics: [DefaultContextCache@4e868ef5 size = 1, maxSize = 32, parentContextCount = 0, hitCount = 26, missCount = 1]
(UserDaoJUnit.java:56) - context:org.springframework.context.support.GenericApplicationContext@389b0789, started on Fri Dec 13 14:39:55 KST 2024
(DefaultCacheAwareContextLoaderDelegate.java:103) - Retrieved ApplicationContext [949684105] from cache with key [[MergedContextConfiguration@2235eaab testClass = UserDaoJUnit, locations = '{file:src/main/webapp/WEB-INF/spring/root-context.xml, file:src/main/webapp/WEB-INF/spring/appServlet/servlet-context.xml}', classes = '{}', contextInitializerClasses = '[]', activeProfiles = '{}', propertySourceLocations = '{}', propertySourceProperties = '{}', contextCustomizers = set[[empty]], contextLoader = 'org.springframework.test.context.support.DelegatingSmartContextLoader', parent = [null]]]
(DefaultContextCache.java:290) - Spring test ApplicationContext cache statistics: [DefaultContextCache@4e868ef5 size = 1, maxSize = 32, parentContextCount = 0, hitCount = 27, missCount = 1]
(JdbcTemplate.java:538) - Executing SQL update [ DELETE FROM member 
]
(DataSourceUtils.java:117) - Fetching JDBC Connection from DataSource
(JdbcTemplate.java:538) - Executing SQL update [ DELETE FROM email_auth 
]
(DataSourceUtils.java:117) - Fetching JDBC Connection from DataSource
(EmailDaoJdbc.java:74) - 총 삭제 건수 :1
(JdbcTemplate.java:443) - Executing SQL query [ SELECT COUNT(*) totalCnt 
 FROM  member             
]
(DataSourceUtils.java:117) - Fetching JDBC Connection from DataSource
(UserDaoJdbc.java:198) - 1. count:0
(EmailDaoJdbc.java:102) - 1.param:
(EmailDaoJdbc.java:104) - test01@gmail.com
(JdbcTemplate.java:958) - Executing prepared SQL update
(JdbcTemplate.java:640) - Executing prepared SQL statement [INSERT INTO email_auth (email) VALUES (?) ]
(DataSourceUtils.java:117) - Fetching JDBC Connection from DataSource
(EmailDaoJdbc.java:108) - 2.flag:1
(UserDaoJdbc.java:235) - 1.param:
(UserDaoJdbc.java:237) - test01@gmail.com
(UserDaoJdbc.java:237) - 이영민01
(UserDaoJdbc.java:237) - 010934094211
(UserDaoJdbc.java:237) - 영민01
(UserDaoJdbc.java:237) - 인천 주안1동
(JdbcTemplate.java:958) - Executing prepared SQL update
(JdbcTemplate.java:640) - Executing prepared SQL statement [  INSERT INTO member ( 
     email,            
     name,             
     phone,            
     nickname,         
     address           
 ) VALUES ( ?,         
            ?,         
            ?,         
            ?,         
            ?      )   
]
(DataSourceUtils.java:117) - Fetching JDBC Connection from DataSource
(UserDaoJdbc.java:241) - 2.flag:1
(JdbcTemplate.java:443) - Executing SQL query [ SELECT COUNT(*) totalCnt 
 FROM  member             
]
(DataSourceUtils.java:117) - Fetching JDBC Connection from DataSource
(UserDaoJdbc.java:198) - 1. count:1
(JdbcTemplate.java:711) - Executing prepared SQL query
(JdbcTemplate.java:640) - Executing prepared SQL statement [SELECT COUNT(*) 
FROM member     
WHERE email = ? 
]
(DataSourceUtils.java:117) - Fetching JDBC Connection from DataSource
(DefaultCacheAwareContextLoaderDelegate.java:103) - Retrieved ApplicationContext [949684105] from cache with key [[MergedContextConfiguration@2235eaab testClass = UserDaoJUnit, locations = '{file:src/main/webapp/WEB-INF/spring/root-context.xml, file:src/main/webapp/WEB-INF/spring/appServlet/servlet-context.xml}', classes = '{}', contextInitializerClasses = '[]', activeProfiles = '{}', propertySourceLocations = '{}', propertySourceProperties = '{}', contextCustomizers = set[[empty]], contextLoader = 'org.springframework.test.context.support.DelegatingSmartContextLoader', parent = [null]]]
(DefaultContextCache.java:290) - Spring test ApplicationContext cache statistics: [DefaultContextCache@4e868ef5 size = 1, maxSize = 32, parentContextCount = 0, hitCount = 28, missCount = 1]
(UserDaoJUnit.java:418) - ==========================================================
(UserDaoJUnit.java:419) - =@After=
(UserDaoJUnit.java:420) - ==========================================================
(DefaultCacheAwareContextLoaderDelegate.java:103) - Retrieved ApplicationContext [949684105] from cache with key [[MergedContextConfiguration@2235eaab testClass = UserDaoJUnit, locations = '{file:src/main/webapp/WEB-INF/spring/root-context.xml, file:src/main/webapp/WEB-INF/spring/appServlet/servlet-context.xml}', classes = '{}', contextInitializerClasses = '[]', activeProfiles = '{}', propertySourceLocations = '{}', propertySourceProperties = '{}', contextCustomizers = set[[empty]], contextLoader = 'org.springframework.test.context.support.DelegatingSmartContextLoader', parent = [null]]]
(DefaultContextCache.java:290) - Spring test ApplicationContext cache statistics: [DefaultContextCache@4e868ef5 size = 1, maxSize = 32, parentContextCount = 0, hitCount = 29, missCount = 1]
(AbstractDirtiesContextTestExecutionListener.java:108) - After test method: context [DefaultTestContext@13526e59 testClass = UserDaoJUnit, testInstance = com.pcwk.ehr.user.UserDaoJUnit@67a3bd51, testMethod = isExistsEmail@UserDaoJUnit, testException = [null], mergedContextConfiguration = [MergedContextConfiguration@2235eaab testClass = UserDaoJUnit, locations = '{file:src/main/webapp/WEB-INF/spring/root-context.xml, file:src/main/webapp/WEB-INF/spring/appServlet/servlet-context.xml}', classes = '{}', contextInitializerClasses = '[]', activeProfiles = '{}', propertySourceLocations = '{}', propertySourceProperties = '{}', contextCustomizers = set[[empty]], contextLoader = 'org.springframework.test.context.support.DelegatingSmartContextLoader', parent = [null]], attributes = map['org.springframework.test.context.event.ApplicationEventsTestExecutionListener.recordApplicationEvents' -> false]], class annotated with @DirtiesContext [false] with mode [null], method annotated with @DirtiesContext [false] with mode [null].
(DependencyInjectionTestExecutionListener.java:81) - Performing dependency injection for test context [[DefaultTestContext@13526e59 testClass = UserDaoJUnit, testInstance = com.pcwk.ehr.user.UserDaoJUnit@7a389761, testMethod = [null], testException = [null], mergedContextConfiguration = [MergedContextConfiguration@2235eaab testClass = UserDaoJUnit, locations = '{file:src/main/webapp/WEB-INF/spring/root-context.xml, file:src/main/webapp/WEB-INF/spring/appServlet/servlet-context.xml}', classes = '{}', contextInitializerClasses = '[]', activeProfiles = '{}', propertySourceLocations = '{}', propertySourceProperties = '{}', contextCustomizers = set[[empty]], contextLoader = 'org.springframework.test.context.support.DelegatingSmartContextLoader', parent = [null]], attributes = map['org.springframework.test.context.event.ApplicationEventsTestExecutionListener.recordApplicationEvents' -> false]]].
(DefaultCacheAwareContextLoaderDelegate.java:103) - Retrieved ApplicationContext [949684105] from cache with key [[MergedContextConfiguration@2235eaab testClass = UserDaoJUnit, locations = '{file:src/main/webapp/WEB-INF/spring/root-context.xml, file:src/main/webapp/WEB-INF/spring/appServlet/servlet-context.xml}', classes = '{}', contextInitializerClasses = '[]', activeProfiles = '{}', propertySourceLocations = '{}', propertySourceProperties = '{}', contextCustomizers = set[[empty]], contextLoader = 'org.springframework.test.context.support.DelegatingSmartContextLoader', parent = [null]]]
(DefaultContextCache.java:290) - Spring test ApplicationContext cache statistics: [DefaultContextCache@4e868ef5 size = 1, maxSize = 32, parentContextCount = 0, hitCount = 30, missCount = 1]
(DefaultCacheAwareContextLoaderDelegate.java:103) - Retrieved ApplicationContext [949684105] from cache with key [[MergedContextConfiguration@2235eaab testClass = UserDaoJUnit, locations = '{file:src/main/webapp/WEB-INF/spring/root-context.xml, file:src/main/webapp/WEB-INF/spring/appServlet/servlet-context.xml}', classes = '{}', contextInitializerClasses = '[]', activeProfiles = '{}', propertySourceLocations = '{}', propertySourceProperties = '{}', contextCustomizers = set[[empty]], contextLoader = 'org.springframework.test.context.support.DelegatingSmartContextLoader', parent = [null]]]
(DefaultContextCache.java:290) - Spring test ApplicationContext cache statistics: [DefaultContextCache@4e868ef5 size = 1, maxSize = 32, parentContextCount = 0, hitCount = 31, missCount = 1]
(DependencyInjectionTestExecutionListener.java:81) - Performing dependency injection for test context [[DefaultTestContext@13526e59 testClass = UserDaoJUnit, testInstance = com.pcwk.ehr.user.UserDaoJUnit@19650aa6, testMethod = [null], testException = [null], mergedContextConfiguration = [MergedContextConfiguration@2235eaab testClass = UserDaoJUnit, locations = '{file:src/main/webapp/WEB-INF/spring/root-context.xml, file:src/main/webapp/WEB-INF/spring/appServlet/servlet-context.xml}', classes = '{}', contextInitializerClasses = '[]', activeProfiles = '{}', propertySourceLocations = '{}', propertySourceProperties = '{}', contextCustomizers = set[[empty]], contextLoader = 'org.springframework.test.context.support.DelegatingSmartContextLoader', parent = [null]], attributes = map['org.springframework.test.context.event.ApplicationEventsTestExecutionListener.recordApplicationEvents' -> false]]].
(DefaultCacheAwareContextLoaderDelegate.java:103) - Retrieved ApplicationContext [949684105] from cache with key [[MergedContextConfiguration@2235eaab testClass = UserDaoJUnit, locations = '{file:src/main/webapp/WEB-INF/spring/root-context.xml, file:src/main/webapp/WEB-INF/spring/appServlet/servlet-context.xml}', classes = '{}', contextInitializerClasses = '[]', activeProfiles = '{}', propertySourceLocations = '{}', propertySourceProperties = '{}', contextCustomizers = set[[empty]], contextLoader = 'org.springframework.test.context.support.DelegatingSmartContextLoader', parent = [null]]]
(DefaultContextCache.java:290) - Spring test ApplicationContext cache statistics: [DefaultContextCache@4e868ef5 size = 1, maxSize = 32, parentContextCount = 0, hitCount = 32, missCount = 1]
(DefaultCacheAwareContextLoaderDelegate.java:103) - Retrieved ApplicationContext [949684105] from cache with key [[MergedContextConfiguration@2235eaab testClass = UserDaoJUnit, locations = '{file:src/main/webapp/WEB-INF/spring/root-context.xml, file:src/main/webapp/WEB-INF/spring/appServlet/servlet-context.xml}', classes = '{}', contextInitializerClasses = '[]', activeProfiles = '{}', propertySourceLocations = '{}', propertySourceProperties = '{}', contextCustomizers = set[[empty]], contextLoader = 'org.springframework.test.context.support.DelegatingSmartContextLoader', parent = [null]]]
(DefaultContextCache.java:290) - Spring test ApplicationContext cache statistics: [DefaultContextCache@4e868ef5 size = 1, maxSize = 32, parentContextCount = 0, hitCount = 33, missCount = 1]
(DefaultCacheAwareContextLoaderDelegate.java:103) - Retrieved ApplicationContext [949684105] from cache with key [[MergedContextConfiguration@2235eaab testClass = UserDaoJUnit, locations = '{file:src/main/webapp/WEB-INF/spring/root-context.xml, file:src/main/webapp/WEB-INF/spring/appServlet/servlet-context.xml}', classes = '{}', contextInitializerClasses = '[]', activeProfiles = '{}', propertySourceLocations = '{}', propertySourceProperties = '{}', contextCustomizers = set[[empty]], contextLoader = 'org.springframework.test.context.support.DelegatingSmartContextLoader', parent = [null]]]
(DefaultContextCache.java:290) - Spring test ApplicationContext cache statistics: [DefaultContextCache@4e868ef5 size = 1, maxSize = 32, parentContextCount = 0, hitCount = 34, missCount = 1]
(AbstractDirtiesContextTestExecutionListener.java:143) - After test class: context [DefaultTestContext@13526e59 testClass = UserDaoJUnit, testInstance = [null], testMethod = [null], testException = [null], mergedContextConfiguration = [MergedContextConfiguration@2235eaab testClass = UserDaoJUnit, locations = '{file:src/main/webapp/WEB-INF/spring/root-context.xml, file:src/main/webapp/WEB-INF/spring/appServlet/servlet-context.xml}', classes = '{}', contextInitializerClasses = '[]', activeProfiles = '{}', propertySourceLocations = '{}', propertySourceProperties = '{}', contextCustomizers = set[[empty]], contextLoader = 'org.springframework.test.context.support.DelegatingSmartContextLoader', parent = [null]], attributes = map['org.springframework.test.context.event.ApplicationEventsTestExecutionListener.recordApplicationEvents' -> false]], class annotated with @DirtiesContext [false] with mode [null].
(AbstractApplicationContext.java:1063) - Closing org.springframework.context.support.GenericApplicationContext@389b0789, started on Fri Dec 13 14:39:55 KST 2024
(BootstrapUtils.java:108) - Instantiating CacheAwareContextLoaderDelegate from class [org.springframework.test.context.cache.DefaultCacheAwareContextLoaderDelegate]
(BootstrapUtils.java:88) - Instantiating BootstrapContext using constructor [public org.springframework.test.context.support.DefaultBootstrapContext(java.lang.Class,org.springframework.test.context.CacheAwareContextLoaderDelegate)]
(BootstrapUtils.java:143) - Instantiating TestContextBootstrapper for test class [com.pcwk.ehr.user.UserDaoJUnit] from class [org.springframework.test.context.support.DefaultTestContextBootstrapper]
(AbstractDelegatingSmartContextLoader.java:264) - Delegating to GenericXmlContextLoader to process context configuration [ContextConfigurationAttributes@1033576a declaringClass = 'com.pcwk.ehr.user.UserDaoJUnit', classes = '{}', locations = '{file:src/main/webapp/WEB-INF/spring/root-context.xml, file:src/main/webapp/WEB-INF/spring/appServlet/servlet-context.xml}', inheritLocations = true, initializers = '{}', inheritInitializers = true, name = [null], contextLoaderClass = 'org.springframework.test.context.ContextLoader'].
(ActiveProfilesUtils.java:80) - Could not find an 'annotation declaring class' for annotation type [org.springframework.test.context.ActiveProfiles] and class [com.pcwk.ehr.user.UserDaoJUnit]
(AbstractTestContextBootstrapper.java:124) - @TestExecutionListeners is not present for class [com.pcwk.ehr.user.UserDaoJUnit]: using defaults.
(AbstractTestContextBootstrapper.java:245) - Loaded default TestExecutionListener class names from location [META-INF/spring.factories]: [org.springframework.test.context.web.ServletTestExecutionListener, org.springframework.test.context.support.DirtiesContextBeforeModesTestExecutionListener, org.springframework.test.context.event.ApplicationEventsTestExecutionListener, org.springframework.test.context.support.DependencyInjectionTestExecutionListener, org.springframework.test.context.support.DirtiesContextTestExecutionListener, org.springframework.test.context.transaction.TransactionalTestExecutionListener, org.springframework.test.context.jdbc.SqlScriptsTestExecutionListener, org.springframework.test.context.event.EventPublishingTestExecutionListener]
(AbstractTestContextBootstrapper.java:174) - Using TestExecutionListeners: [org.springframework.test.context.web.ServletTestExecutionListener@311bf055, org.springframework.test.context.support.DirtiesContextBeforeModesTestExecutionListener@642a7222, org.springframework.test.context.event.ApplicationEventsTestExecutionListener@7d322cad, org.springframework.test.context.support.DependencyInjectionTestExecutionListener@21be3395, org.springframework.test.context.support.DirtiesContextTestExecutionListener@4f49f6af, org.springframework.test.context.transaction.TransactionalTestExecutionListener@78452606, org.springframework.test.context.jdbc.SqlScriptsTestExecutionListener@147e2ae7, org.springframework.test.context.event.EventPublishingTestExecutionListener@448c8166]
(AbstractDirtiesContextTestExecutionListener.java:143) - Before test class: context [DefaultTestContext@13526e59 testClass = UserDaoJUnit, testInstance = [null], testMethod = [null], testException = [null], mergedContextConfiguration = [MergedContextConfiguration@2235eaab testClass = UserDaoJUnit, locations = '{file:src/main/webapp/WEB-INF/spring/root-context.xml, file:src/main/webapp/WEB-INF/spring/appServlet/servlet-context.xml}', classes = '{}', contextInitializerClasses = '[]', activeProfiles = '{}', propertySourceLocations = '{}', propertySourceProperties = '{}', contextCustomizers = set[[empty]], contextLoader = 'org.springframework.test.context.support.DelegatingSmartContextLoader', parent = [null]], attributes = map[[empty]]], class annotated with @DirtiesContext [false] with mode [null].
(DependencyInjectionTestExecutionListener.java:81) - Performing dependency injection for test context [[DefaultTestContext@13526e59 testClass = UserDaoJUnit, testInstance = com.pcwk.ehr.user.UserDaoJUnit@41488b16, testMethod = [null], testException = [null], mergedContextConfiguration = [MergedContextConfiguration@2235eaab testClass = UserDaoJUnit, locations = '{file:src/main/webapp/WEB-INF/spring/root-context.xml, file:src/main/webapp/WEB-INF/spring/appServlet/servlet-context.xml}', classes = '{}', contextInitializerClasses = '[]', activeProfiles = '{}', propertySourceLocations = '{}', propertySourceProperties = '{}', contextCustomizers = set[[empty]], contextLoader = 'org.springframework.test.context.support.DelegatingSmartContextLoader', parent = [null]], attributes = map['org.springframework.test.context.event.ApplicationEventsTestExecutionListener.recordApplicationEvents' -> false]]].
(AbstractDelegatingSmartContextLoader.java:274) - Delegating to GenericXmlContextLoader to load context from [MergedContextConfiguration@2235eaab testClass = UserDaoJUnit, locations = '{file:src/main/webapp/WEB-INF/spring/root-context.xml, file:src/main/webapp/WEB-INF/spring/appServlet/servlet-context.xml}', classes = '{}', contextInitializerClasses = '[]', activeProfiles = '{}', propertySourceLocations = '{}', propertySourceProperties = '{}', contextCustomizers = set[[empty]], contextLoader = 'org.springframework.test.context.support.DelegatingSmartContextLoader', parent = [null]].
(AbstractGenericContextLoader.java:107) - Loading ApplicationContext for merged context configuration [[MergedContextConfiguration@2235eaab testClass = UserDaoJUnit, locations = '{file:src/main/webapp/WEB-INF/spring/root-context.xml, file:src/main/webapp/WEB-INF/spring/appServlet/servlet-context.xml}', classes = '{}', contextInitializerClasses = '[]', activeProfiles = '{}', propertySourceLocations = '{}', propertySourceProperties = '{}', contextCustomizers = set[[empty]], contextLoader = 'org.springframework.test.context.support.DelegatingSmartContextLoader', parent = [null]]].
(AbstractEnvironment.java:302) - Activating profiles []
(XmlBeanDefinitionReader.java:393) - Loaded 12 bean definitions from URL [file:src/main/webapp/WEB-INF/spring/root-context.xml]
(ClassPathScanningCandidateComponentProvider.java:437) - Identified candidate component class: file [D:\JAP_20240909\04_SPRING\WORKSPACE\DOTOLI_v1.3\target\classes\com\pcwk\ehr\email\controller\EmailController.class]
(ClassPathScanningCandidateComponentProvider.java:437) - Identified candidate component class: file [D:\JAP_20240909\04_SPRING\WORKSPACE\DOTOLI_v1.3\target\classes\com\pcwk\ehr\email\dao\EmailDaoJdbc.class]
(ClassPathScanningCandidateComponentProvider.java:437) - Identified candidate component class: file [D:\JAP_20240909\04_SPRING\WORKSPACE\DOTOLI_v1.3\target\classes\com\pcwk\ehr\email\service\EmailServiceImpl.class]
(ClassPathScanningCandidateComponentProvider.java:437) - Identified candidate component class: file [D:\JAP_20240909\04_SPRING\WORKSPACE\DOTOLI_v1.3\target\classes\com\pcwk\ehr\main\controller\MainController.class]
(ClassPathScanningCandidateComponentProvider.java:437) - Identified candidate component class: file [D:\JAP_20240909\04_SPRING\WORKSPACE\DOTOLI_v1.3\target\classes\com\pcwk\ehr\user\controller\UserController.class]
(ClassPathScanningCandidateComponentProvider.java:437) - Identified candidate component class: file [D:\JAP_20240909\04_SPRING\WORKSPACE\DOTOLI_v1.3\target\classes\com\pcwk\ehr\user\dao\UserDaoJdbc.class]
(ClassPathScanningCandidateComponentProvider.java:437) - Identified candidate component class: file [D:\JAP_20240909\04_SPRING\WORKSPACE\DOTOLI_v1.3\target\classes\com\pcwk\ehr\user\service\UserServiceImpl.class]
(XmlBeanDefinitionReader.java:393) - Loaded 37 bean definitions from URL [file:src/main/webapp/WEB-INF/spring/appServlet/servlet-context.xml]
(DefaultSingletonBeanRegistry.java:225) - Creating shared instance of singleton bean 'org.springframework.context.annotation.internalConfigurationAnnotationProcessor'
(DefaultSingletonBeanRegistry.java:225) - Creating shared instance of singleton bean 'org.springframework.context.event.internalEventListenerProcessor'
(DefaultSingletonBeanRegistry.java:225) - Creating shared instance of singleton bean 'org.springframework.transaction.config.internalTransactionalEventListenerFactory'
(DefaultSingletonBeanRegistry.java:225) - Creating shared instance of singleton bean 'org.springframework.context.event.internalEventListenerFactory'
(DefaultSingletonBeanRegistry.java:225) - Creating shared instance of singleton bean 'org.springframework.context.annotation.internalAutowiredAnnotationProcessor'
(DefaultSingletonBeanRegistry.java:225) - Creating shared instance of singleton bean 'org.springframework.context.annotation.internalCommonAnnotationProcessor'
(DefaultSingletonBeanRegistry.java:225) - Creating shared instance of singleton bean 'org.springframework.aop.config.internalAutoProxyCreator'
(DefaultSingletonBeanRegistry.java:225) - Creating shared instance of singleton bean 'org.springframework.transaction.annotation.AnnotationTransactionAttributeSource#0'
(DefaultSingletonBeanRegistry.java:225) - Creating shared instance of singleton bean 'org.springframework.transaction.config.internalTransactionAdvisor'
(DefaultSingletonBeanRegistry.java:225) - Creating shared instance of singleton bean 'org.springframework.transaction.annotation.AnnotationTransactionAttributeSource#0'
(DefaultSingletonBeanRegistry.java:225) - Creating shared instance of singleton bean 'org.springframework.aop.support.DefaultBeanFactoryPointcutAdvisor#0'
(DefaultSingletonBeanRegistry.java:225) - Creating shared instance of singleton bean 'org.springframework.transaction.config.internalTransactionAdvisor'
(DefaultSingletonBeanRegistry.java:225) - Creating shared instance of singleton bean 'org.springframework.transaction.interceptor.TransactionInterceptor#0'
(DefaultSingletonBeanRegistry.java:225) - Creating shared instance of singleton bean 'txAdvice'
(DefaultSingletonBeanRegistry.java:225) - Creating shared instance of singleton bean 'transactionManager'
(DefaultSingletonBeanRegistry.java:225) - Creating shared instance of singleton bean 'dataSource'
(Log4j2SpyLogDelegator.java:372) - log4jdbc-logj2 properties initialization...
(Log4j2SpyLogDelegator.java:372) - Using logger: null
(Log4j2SpyLogDelegator.java:372) - x log4jdbc.debug.stack.prefix is not defined
(Log4j2SpyLogDelegator.java:372) - x log4jdbc.sqltiming.warn.threshold is not defined
(Log4j2SpyLogDelegator.java:372) - x log4jdbc.sqltiming.error.threshold is not defined
(Log4j2SpyLogDelegator.java:372) - x log4jdbc.dump.booleanastruefalse is not defined (using default value false)
(Log4j2SpyLogDelegator.java:372) - x log4jdbc.dump.sql.maxlinelength is not defined (using default of 90)
(Log4j2SpyLogDelegator.java:372) - x log4jdbc.dump.fulldebugstacktrace is not defined (using default value false)
(Log4j2SpyLogDelegator.java:372) - x log4jdbc.statement.warn is not defined (using default value false)
(Log4j2SpyLogDelegator.java:372) - x log4jdbc.dump.sql.select is not defined (using default value true)
(Log4j2SpyLogDelegator.java:372) - x log4jdbc.dump.sql.insert is not defined (using default value true)
(Log4j2SpyLogDelegator.java:372) - x log4jdbc.dump.sql.update is not defined (using default value true)
(Log4j2SpyLogDelegator.java:372) - x log4jdbc.dump.sql.delete is not defined (using default value true)
(Log4j2SpyLogDelegator.java:372) - x log4jdbc.dump.sql.create is not defined (using default value true)
(Log4j2SpyLogDelegator.java:372) - x log4jdbc.dump.sql.addsemicolon is not defined (using default value false)
(Log4j2SpyLogDelegator.java:372) - x log4jdbc.auto.load.popular.drivers is not defined (using default value true)
(Log4j2SpyLogDelegator.java:372) - x log4jdbc.drivers is not defined
(Log4j2SpyLogDelegator.java:372) - x log4jdbc.trim.sql is not defined (using default value true)
(Log4j2SpyLogDelegator.java:372) - x log4jdbc.trim.sql.extrablanklines is not defined (using default value true)
(Log4j2SpyLogDelegator.java:372) - x log4jdbc.suppress.generated.keys.exception is not defined (using default value false)
(Log4j2SpyLogDelegator.java:372) - log4jdbc-logj2 properties initialization done.
(Log4j2SpyLogDelegator.java:372) - DriverSpy intialization...
(Log4j2SpyLogDelegator.java:372) -   FOUND DRIVER oracle.jdbc.OracleDriver
(Log4j2SpyLogDelegator.java:372) -   FOUND DRIVER oracle.jdbc.driver.OracleDriver
(Log4j2SpyLogDelegator.java:372) - DriverSpy intialization done.
(DefaultSingletonBeanRegistry.java:225) - Creating shared instance of singleton bean 'mailSenderImpl'
(DefaultSingletonBeanRegistry.java:225) - Creating shared instance of singleton bean 'jdbcTemplate'
(DefaultSingletonBeanRegistry.java:225) - Creating shared instance of singleton bean 'mvcContentNegotiationManager'
(DefaultSingletonBeanRegistry.java:225) - Creating shared instance of singleton bean 'org.springframework.web.servlet.mvc.method.annotation.RequestMappingHandlerMapping'
(DefaultSingletonBeanRegistry.java:225) - Creating shared instance of singleton bean 'mvcCorsConfigurations'
(DefaultSingletonBeanRegistry.java:225) - Creating shared instance of singleton bean 'org.springframework.web.servlet.handler.MappedInterceptor#0'
(DefaultSingletonBeanRegistry.java:225) - Creating shared instance of singleton bean 'org.springframework.format.support.FormattingConversionServiceFactoryBean#0'
(DefaultSingletonBeanRegistry.java:225) - Creating shared instance of singleton bean 'org.springframework.web.servlet.handler.MappedInterceptor#1'
(AbstractHandlerMethodMapping.java:367) - 11 mappings in 'org.springframework.web.servlet.mvc.method.annotation.RequestMappingHandlerMapping'
(DefaultSingletonBeanRegistry.java:225) - Creating shared instance of singleton bean 'org.springframework.web.servlet.mvc.method.annotation.RequestMappingHandlerAdapter'
(RequestMappingHandlerAdapter.java:623) - ControllerAdvice beans: none
(DefaultSingletonBeanRegistry.java:225) - Creating shared instance of singleton bean 'mvcUriComponentsContributor'
(RequestMappingHandlerAdapter.java:623) - ControllerAdvice beans: none
(DefaultSingletonBeanRegistry.java:225) - Creating shared instance of singleton bean 'org.springframework.web.servlet.mvc.method.annotation.ExceptionHandlerExceptionResolver#0'
(ExceptionHandlerExceptionResolver.java:304) - ControllerAdvice beans: none
(DefaultSingletonBeanRegistry.java:225) - Creating shared instance of singleton bean 'org.springframework.web.servlet.mvc.annotation.ResponseStatusExceptionResolver#0'
(DefaultSingletonBeanRegistry.java:225) - Creating shared instance of singleton bean 'org.springframework.web.servlet.mvc.support.DefaultHandlerExceptionResolver#0'
(DefaultSingletonBeanRegistry.java:225) - Creating shared instance of singleton bean 'org.springframework.web.servlet.handler.BeanNameUrlHandlerMapping'
(AbstractDetectingUrlHandlerMapping.java:86) - 'org.springframework.web.servlet.handler.BeanNameUrlHandlerMapping' {}
(DefaultSingletonBeanRegistry.java:225) - Creating shared instance of singleton bean 'org.springframework.web.servlet.mvc.HttpRequestHandlerAdapter'
(DefaultSingletonBeanRegistry.java:225) - Creating shared instance of singleton bean 'org.springframework.web.servlet.mvc.SimpleControllerHandlerAdapter'
(DefaultSingletonBeanRegistry.java:225) - Creating shared instance of singleton bean 'localeResolver'
(DefaultSingletonBeanRegistry.java:225) - Creating shared instance of singleton bean 'themeResolver'
(DefaultSingletonBeanRegistry.java:225) - Creating shared instance of singleton bean 'viewNameTranslator'
(DefaultSingletonBeanRegistry.java:225) - Creating shared instance of singleton bean 'flashMapManager'
(DefaultSingletonBeanRegistry.java:225) - Creating shared instance of singleton bean 'mvcResourceUrlProvider'
(DefaultSingletonBeanRegistry.java:225) - Creating shared instance of singleton bean 'mvcPathMatcher'
(DefaultSingletonBeanRegistry.java:225) - Creating shared instance of singleton bean 'mvcUrlPathHelper'
(DefaultSingletonBeanRegistry.java:225) - Creating shared instance of singleton bean 'org.springframework.web.servlet.resource.ResourceHttpRequestHandler#0'
(DefaultSingletonBeanRegistry.java:225) - Creating shared instance of singleton bean 'org.springframework.web.servlet.handler.SimpleUrlHandlerMapping#0'
(SimpleUrlHandlerMapping.java:177) - 'org.springframework.web.servlet.handler.SimpleUrlHandlerMapping#0' {/resources/**=ResourceHttpRequestHandler [classpath [resources/]]}
(DefaultSingletonBeanRegistry.java:225) - Creating shared instance of singleton bean 'org.springframework.web.servlet.view.InternalResourceViewResolver#0'
(DefaultSingletonBeanRegistry.java:225) - Creating shared instance of singleton bean 'emailController'
(DefaultSingletonBeanRegistry.java:225) - Creating shared instance of singleton bean 'emailServiceImpl'
(DefaultSingletonBeanRegistry.java:225) - Creating shared instance of singleton bean 'emailDaoJdbc'
(DefaultSingletonBeanRegistry.java:225) - Creating shared instance of singleton bean 'userServiceImpl'
(DefaultSingletonBeanRegistry.java:225) - Creating shared instance of singleton bean 'userDaoJdbc'
(DefaultSingletonBeanRegistry.java:225) - Creating shared instance of singleton bean 'mainController'
(DefaultSingletonBeanRegistry.java:225) - Creating shared instance of singleton bean 'userController'
(UserController.java:40) - ┌───────────────────────────────────────┐
(UserController.java:41) - │    **UserController() 생성**           │
(UserController.java:42) - └───────────────────────────────────────┘
(DefaultCacheAwareContextLoaderDelegate.java:92) - Storing ApplicationContext [949684105] in cache under key [[MergedContextConfiguration@2235eaab testClass = UserDaoJUnit, locations = '{file:src/main/webapp/WEB-INF/spring/root-context.xml, file:src/main/webapp/WEB-INF/spring/appServlet/servlet-context.xml}', classes = '{}', contextInitializerClasses = '[]', activeProfiles = '{}', propertySourceLocations = '{}', propertySourceProperties = '{}', contextCustomizers = set[[empty]], contextLoader = 'org.springframework.test.context.support.DelegatingSmartContextLoader', parent = [null]]]
(DefaultContextCache.java:290) - Spring test ApplicationContext cache statistics: [DefaultContextCache@4e868ef5 size = 1, maxSize = 32, parentContextCount = 0, hitCount = 0, missCount = 1]
(DefaultCacheAwareContextLoaderDelegate.java:103) - Retrieved ApplicationContext [949684105] from cache with key [[MergedContextConfiguration@2235eaab testClass = UserDaoJUnit, locations = '{file:src/main/webapp/WEB-INF/spring/root-context.xml, file:src/main/webapp/WEB-INF/spring/appServlet/servlet-context.xml}', classes = '{}', contextInitializerClasses = '[]', activeProfiles = '{}', propertySourceLocations = '{}', propertySourceProperties = '{}', contextCustomizers = set[[empty]], contextLoader = 'org.springframework.test.context.support.DelegatingSmartContextLoader', parent = [null]]]
(DefaultContextCache.java:290) - Spring test ApplicationContext cache statistics: [DefaultContextCache@4e868ef5 size = 1, maxSize = 32, parentContextCount = 0, hitCount = 1, missCount = 1]
(DependencyInjectionTestExecutionListener.java:81) - Performing dependency injection for test context [[DefaultTestContext@13526e59 testClass = UserDaoJUnit, testInstance = com.pcwk.ehr.user.UserDaoJUnit@52a36910, testMethod = [null], testException = [null], mergedContextConfiguration = [MergedContextConfiguration@2235eaab testClass = UserDaoJUnit, locations = '{file:src/main/webapp/WEB-INF/spring/root-context.xml, file:src/main/webapp/WEB-INF/spring/appServlet/servlet-context.xml}', classes = '{}', contextInitializerClasses = '[]', activeProfiles = '{}', propertySourceLocations = '{}', propertySourceProperties = '{}', contextCustomizers = set[[empty]], contextLoader = 'org.springframework.test.context.support.DelegatingSmartContextLoader', parent = [null]], attributes = map['org.springframework.test.context.event.ApplicationEventsTestExecutionListener.recordApplicationEvents' -> false]]].
(DefaultCacheAwareContextLoaderDelegate.java:103) - Retrieved ApplicationContext [949684105] from cache with key [[MergedContextConfiguration@2235eaab testClass = UserDaoJUnit, locations = '{file:src/main/webapp/WEB-INF/spring/root-context.xml, file:src/main/webapp/WEB-INF/spring/appServlet/servlet-context.xml}', classes = '{}', contextInitializerClasses = '[]', activeProfiles = '{}', propertySourceLocations = '{}', propertySourceProperties = '{}', contextCustomizers = set[[empty]], contextLoader = 'org.springframework.test.context.support.DelegatingSmartContextLoader', parent = [null]]]
(DefaultContextCache.java:290) - Spring test ApplicationContext cache statistics: [DefaultContextCache@4e868ef5 size = 1, maxSize = 32, parentContextCount = 0, hitCount = 2, missCount = 1]
(DefaultCacheAwareContextLoaderDelegate.java:103) - Retrieved ApplicationContext [949684105] from cache with key [[MergedContextConfiguration@2235eaab testClass = UserDaoJUnit, locations = '{file:src/main/webapp/WEB-INF/spring/root-context.xml, file:src/main/webapp/WEB-INF/spring/appServlet/servlet-context.xml}', classes = '{}', contextInitializerClasses = '[]', activeProfiles = '{}', propertySourceLocations = '{}', propertySourceProperties = '{}', contextCustomizers = set[[empty]], contextLoader = 'org.springframework.test.context.support.DelegatingSmartContextLoader', parent = [null]]]
(DefaultContextCache.java:290) - Spring test ApplicationContext cache statistics: [DefaultContextCache@4e868ef5 size = 1, maxSize = 32, parentContextCount = 0, hitCount = 3, missCount = 1]
(DependencyInjectionTestExecutionListener.java:81) - Performing dependency injection for test context [[DefaultTestContext@13526e59 testClass = UserDaoJUnit, testInstance = com.pcwk.ehr.user.UserDaoJUnit@1d782abe, testMethod = [null], testException = [null], mergedContextConfiguration = [MergedContextConfiguration@2235eaab testClass = UserDaoJUnit, locations = '{file:src/main/webapp/WEB-INF/spring/root-context.xml, file:src/main/webapp/WEB-INF/spring/appServlet/servlet-context.xml}', classes = '{}', contextInitializerClasses = '[]', activeProfiles = '{}', propertySourceLocations = '{}', propertySourceProperties = '{}', contextCustomizers = set[[empty]], contextLoader = 'org.springframework.test.context.support.DelegatingSmartContextLoader', parent = [null]], attributes = map['org.springframework.test.context.event.ApplicationEventsTestExecutionListener.recordApplicationEvents' -> false]]].
(DefaultCacheAwareContextLoaderDelegate.java:103) - Retrieved ApplicationContext [949684105] from cache with key [[MergedContextConfiguration@2235eaab testClass = UserDaoJUnit, locations = '{file:src/main/webapp/WEB-INF/spring/root-context.xml, file:src/main/webapp/WEB-INF/spring/appServlet/servlet-context.xml}', classes = '{}', contextInitializerClasses = '[]', activeProfiles = '{}', propertySourceLocations = '{}', propertySourceProperties = '{}', contextCustomizers = set[[empty]], contextLoader = 'org.springframework.test.context.support.DelegatingSmartContextLoader', parent = [null]]]
(DefaultContextCache.java:290) - Spring test ApplicationContext cache statistics: [DefaultContextCache@4e868ef5 size = 1, maxSize = 32, parentContextCount = 0, hitCount = 4, missCount = 1]
(DefaultCacheAwareContextLoaderDelegate.java:103) - Retrieved ApplicationContext [949684105] from cache with key [[MergedContextConfiguration@2235eaab testClass = UserDaoJUnit, locations = '{file:src/main/webapp/WEB-INF/spring/root-context.xml, file:src/main/webapp/WEB-INF/spring/appServlet/servlet-context.xml}', classes = '{}', contextInitializerClasses = '[]', activeProfiles = '{}', propertySourceLocations = '{}', propertySourceProperties = '{}', contextCustomizers = set[[empty]], contextLoader = 'org.springframework.test.context.support.DelegatingSmartContextLoader', parent = [null]]]
(DefaultContextCache.java:290) - Spring test ApplicationContext cache statistics: [DefaultContextCache@4e868ef5 size = 1, maxSize = 32, parentContextCount = 0, hitCount = 5, missCount = 1]
(DependencyInjectionTestExecutionListener.java:81) - Performing dependency injection for test context [[DefaultTestContext@13526e59 testClass = UserDaoJUnit, testInstance = com.pcwk.ehr.user.UserDaoJUnit@27b22f74, testMethod = [null], testException = [null], mergedContextConfiguration = [MergedContextConfiguration@2235eaab testClass = UserDaoJUnit, locations = '{file:src/main/webapp/WEB-INF/spring/root-context.xml, file:src/main/webapp/WEB-INF/spring/appServlet/servlet-context.xml}', classes = '{}', contextInitializerClasses = '[]', activeProfiles = '{}', propertySourceLocations = '{}', propertySourceProperties = '{}', contextCustomizers = set[[empty]], contextLoader = 'org.springframework.test.context.support.DelegatingSmartContextLoader', parent = [null]], attributes = map['org.springframework.test.context.event.ApplicationEventsTestExecutionListener.recordApplicationEvents' -> false]]].
(DefaultCacheAwareContextLoaderDelegate.java:103) - Retrieved ApplicationContext [949684105] from cache with key [[MergedContextConfiguration@2235eaab testClass = UserDaoJUnit, locations = '{file:src/main/webapp/WEB-INF/spring/root-context.xml, file:src/main/webapp/WEB-INF/spring/appServlet/servlet-context.xml}', classes = '{}', contextInitializerClasses = '[]', activeProfiles = '{}', propertySourceLocations = '{}', propertySourceProperties = '{}', contextCustomizers = set[[empty]], contextLoader = 'org.springframework.test.context.support.DelegatingSmartContextLoader', parent = [null]]]
(DefaultContextCache.java:290) - Spring test ApplicationContext cache statistics: [DefaultContextCache@4e868ef5 size = 1, maxSize = 32, parentContextCount = 0, hitCount = 6, missCount = 1]
(DefaultCacheAwareContextLoaderDelegate.java:103) - Retrieved ApplicationContext [949684105] from cache with key [[MergedContextConfiguration@2235eaab testClass = UserDaoJUnit, locations = '{file:src/main/webapp/WEB-INF/spring/root-context.xml, file:src/main/webapp/WEB-INF/spring/appServlet/servlet-context.xml}', classes = '{}', contextInitializerClasses = '[]', activeProfiles = '{}', propertySourceLocations = '{}', propertySourceProperties = '{}', contextCustomizers = set[[empty]], contextLoader = 'org.springframework.test.context.support.DelegatingSmartContextLoader', parent = [null]]]
(DefaultContextCache.java:290) - Spring test ApplicationContext cache statistics: [DefaultContextCache@4e868ef5 size = 1, maxSize = 32, parentContextCount = 0, hitCount = 7, missCount = 1]
(AbstractDirtiesContextTestExecutionListener.java:108) - Before test method: context [DefaultTestContext@13526e59 testClass = UserDaoJUnit, testInstance = com.pcwk.ehr.user.UserDaoJUnit@27b22f74, testMethod = doSelectEamil_By_Name_Phone@UserDaoJUnit, testException = [null], mergedContextConfiguration = [MergedContextConfiguration@2235eaab testClass = UserDaoJUnit, locations = '{file:src/main/webapp/WEB-INF/spring/root-context.xml, file:src/main/webapp/WEB-INF/spring/appServlet/servlet-context.xml}', classes = '{}', contextInitializerClasses = '[]', activeProfiles = '{}', propertySourceLocations = '{}', propertySourceProperties = '{}', contextCustomizers = set[[empty]], contextLoader = 'org.springframework.test.context.support.DelegatingSmartContextLoader', parent = [null]], attributes = map['org.springframework.test.context.event.ApplicationEventsTestExecutionListener.recordApplicationEvents' -> false]], class annotated with @DirtiesContext [false] with mode [null], method annotated with @DirtiesContext [false] with mode [null].
(DefaultCacheAwareContextLoaderDelegate.java:103) - Retrieved ApplicationContext [949684105] from cache with key [[MergedContextConfiguration@2235eaab testClass = UserDaoJUnit, locations = '{file:src/main/webapp/WEB-INF/spring/root-context.xml, file:src/main/webapp/WEB-INF/spring/appServlet/servlet-context.xml}', classes = '{}', contextInitializerClasses = '[]', activeProfiles = '{}', propertySourceLocations = '{}', propertySourceProperties = '{}', contextCustomizers = set[[empty]], contextLoader = 'org.springframework.test.context.support.DelegatingSmartContextLoader', parent = [null]]]
(DefaultContextCache.java:290) - Spring test ApplicationContext cache statistics: [DefaultContextCache@4e868ef5 size = 1, maxSize = 32, parentContextCount = 0, hitCount = 8, missCount = 1]
(UserDaoJUnit.java:56) - context:org.springframework.context.support.GenericApplicationContext@389b0789, started on Fri Dec 13 14:40:54 KST 2024
(DefaultCacheAwareContextLoaderDelegate.java:103) - Retrieved ApplicationContext [949684105] from cache with key [[MergedContextConfiguration@2235eaab testClass = UserDaoJUnit, locations = '{file:src/main/webapp/WEB-INF/spring/root-context.xml, file:src/main/webapp/WEB-INF/spring/appServlet/servlet-context.xml}', classes = '{}', contextInitializerClasses = '[]', activeProfiles = '{}', propertySourceLocations = '{}', propertySourceProperties = '{}', contextCustomizers = set[[empty]], contextLoader = 'org.springframework.test.context.support.DelegatingSmartContextLoader', parent = [null]]]
(DefaultContextCache.java:290) - Spring test ApplicationContext cache statistics: [DefaultContextCache@4e868ef5 size = 1, maxSize = 32, parentContextCount = 0, hitCount = 9, missCount = 1]
(JdbcTemplate.java:711) - Executing prepared SQL query
(JdbcTemplate.java:640) - Executing prepared SQL statement [SELECT email     
  FROM member    
 WHERE name = ?  
   AND phone = ? 
]
(DataSourceUtils.java:117) - Fetching JDBC Connection from DataSource
(DefaultCacheAwareContextLoaderDelegate.java:103) - Retrieved ApplicationContext [949684105] from cache with key [[MergedContextConfiguration@2235eaab testClass = UserDaoJUnit, locations = '{file:src/main/webapp/WEB-INF/spring/root-context.xml, file:src/main/webapp/WEB-INF/spring/appServlet/servlet-context.xml}', classes = '{}', contextInitializerClasses = '[]', activeProfiles = '{}', propertySourceLocations = '{}', propertySourceProperties = '{}', contextCustomizers = set[[empty]], contextLoader = 'org.springframework.test.context.support.DelegatingSmartContextLoader', parent = [null]]]
(DefaultContextCache.java:290) - Spring test ApplicationContext cache statistics: [DefaultContextCache@4e868ef5 size = 1, maxSize = 32, parentContextCount = 0, hitCount = 10, missCount = 1]
(UserDaoJUnit.java:418) - ==========================================================
(UserDaoJUnit.java:419) - =@After=
(UserDaoJUnit.java:420) - ==========================================================
(DefaultCacheAwareContextLoaderDelegate.java:103) - Retrieved ApplicationContext [949684105] from cache with key [[MergedContextConfiguration@2235eaab testClass = UserDaoJUnit, locations = '{file:src/main/webapp/WEB-INF/spring/root-context.xml, file:src/main/webapp/WEB-INF/spring/appServlet/servlet-context.xml}', classes = '{}', contextInitializerClasses = '[]', activeProfiles = '{}', propertySourceLocations = '{}', propertySourceProperties = '{}', contextCustomizers = set[[empty]], contextLoader = 'org.springframework.test.context.support.DelegatingSmartContextLoader', parent = [null]]]
(DefaultContextCache.java:290) - Spring test ApplicationContext cache statistics: [DefaultContextCache@4e868ef5 size = 1, maxSize = 32, parentContextCount = 0, hitCount = 11, missCount = 1]
(AbstractDirtiesContextTestExecutionListener.java:108) - After test method: context [DefaultTestContext@13526e59 testClass = UserDaoJUnit, testInstance = com.pcwk.ehr.user.UserDaoJUnit@27b22f74, testMethod = doSelectEamil_By_Name_Phone@UserDaoJUnit, testException = [null], mergedContextConfiguration = [MergedContextConfiguration@2235eaab testClass = UserDaoJUnit, locations = '{file:src/main/webapp/WEB-INF/spring/root-context.xml, file:src/main/webapp/WEB-INF/spring/appServlet/servlet-context.xml}', classes = '{}', contextInitializerClasses = '[]', activeProfiles = '{}', propertySourceLocations = '{}', propertySourceProperties = '{}', contextCustomizers = set[[empty]], contextLoader = 'org.springframework.test.context.support.DelegatingSmartContextLoader', parent = [null]], attributes = map['org.springframework.test.context.event.ApplicationEventsTestExecutionListener.recordApplicationEvents' -> false]], class annotated with @DirtiesContext [false] with mode [null], method annotated with @DirtiesContext [false] with mode [null].
(DependencyInjectionTestExecutionListener.java:81) - Performing dependency injection for test context [[DefaultTestContext@13526e59 testClass = UserDaoJUnit, testInstance = com.pcwk.ehr.user.UserDaoJUnit@29eda4f8, testMethod = [null], testException = [null], mergedContextConfiguration = [MergedContextConfiguration@2235eaab testClass = UserDaoJUnit, locations = '{file:src/main/webapp/WEB-INF/spring/root-context.xml, file:src/main/webapp/WEB-INF/spring/appServlet/servlet-context.xml}', classes = '{}', contextInitializerClasses = '[]', activeProfiles = '{}', propertySourceLocations = '{}', propertySourceProperties = '{}', contextCustomizers = set[[empty]], contextLoader = 'org.springframework.test.context.support.DelegatingSmartContextLoader', parent = [null]], attributes = map['org.springframework.test.context.event.ApplicationEventsTestExecutionListener.recordApplicationEvents' -> false]]].
(DefaultCacheAwareContextLoaderDelegate.java:103) - Retrieved ApplicationContext [949684105] from cache with key [[MergedContextConfiguration@2235eaab testClass = UserDaoJUnit, locations = '{file:src/main/webapp/WEB-INF/spring/root-context.xml, file:src/main/webapp/WEB-INF/spring/appServlet/servlet-context.xml}', classes = '{}', contextInitializerClasses = '[]', activeProfiles = '{}', propertySourceLocations = '{}', propertySourceProperties = '{}', contextCustomizers = set[[empty]], contextLoader = 'org.springframework.test.context.support.DelegatingSmartContextLoader', parent = [null]]]
(DefaultContextCache.java:290) - Spring test ApplicationContext cache statistics: [DefaultContextCache@4e868ef5 size = 1, maxSize = 32, parentContextCount = 0, hitCount = 12, missCount = 1]
(DefaultCacheAwareContextLoaderDelegate.java:103) - Retrieved ApplicationContext [949684105] from cache with key [[MergedContextConfiguration@2235eaab testClass = UserDaoJUnit, locations = '{file:src/main/webapp/WEB-INF/spring/root-context.xml, file:src/main/webapp/WEB-INF/spring/appServlet/servlet-context.xml}', classes = '{}', contextInitializerClasses = '[]', activeProfiles = '{}', propertySourceLocations = '{}', propertySourceProperties = '{}', contextCustomizers = set[[empty]], contextLoader = 'org.springframework.test.context.support.DelegatingSmartContextLoader', parent = [null]]]
(DefaultContextCache.java:290) - Spring test ApplicationContext cache statistics: [DefaultContextCache@4e868ef5 size = 1, maxSize = 32, parentContextCount = 0, hitCount = 13, missCount = 1]
(DependencyInjectionTestExecutionListener.java:81) - Performing dependency injection for test context [[DefaultTestContext@13526e59 testClass = UserDaoJUnit, testInstance = com.pcwk.ehr.user.UserDaoJUnit@5e048149, testMethod = [null], testException = [null], mergedContextConfiguration = [MergedContextConfiguration@2235eaab testClass = UserDaoJUnit, locations = '{file:src/main/webapp/WEB-INF/spring/root-context.xml, file:src/main/webapp/WEB-INF/spring/appServlet/servlet-context.xml}', classes = '{}', contextInitializerClasses = '[]', activeProfiles = '{}', propertySourceLocations = '{}', propertySourceProperties = '{}', contextCustomizers = set[[empty]], contextLoader = 'org.springframework.test.context.support.DelegatingSmartContextLoader', parent = [null]], attributes = map['org.springframework.test.context.event.ApplicationEventsTestExecutionListener.recordApplicationEvents' -> false]]].
(DefaultCacheAwareContextLoaderDelegate.java:103) - Retrieved ApplicationContext [949684105] from cache with key [[MergedContextConfiguration@2235eaab testClass = UserDaoJUnit, locations = '{file:src/main/webapp/WEB-INF/spring/root-context.xml, file:src/main/webapp/WEB-INF/spring/appServlet/servlet-context.xml}', classes = '{}', contextInitializerClasses = '[]', activeProfiles = '{}', propertySourceLocations = '{}', propertySourceProperties = '{}', contextCustomizers = set[[empty]], contextLoader = 'org.springframework.test.context.support.DelegatingSmartContextLoader', parent = [null]]]
(DefaultContextCache.java:290) - Spring test ApplicationContext cache statistics: [DefaultContextCache@4e868ef5 size = 1, maxSize = 32, parentContextCount = 0, hitCount = 14, missCount = 1]
(DefaultCacheAwareContextLoaderDelegate.java:103) - Retrieved ApplicationContext [949684105] from cache with key [[MergedContextConfiguration@2235eaab testClass = UserDaoJUnit, locations = '{file:src/main/webapp/WEB-INF/spring/root-context.xml, file:src/main/webapp/WEB-INF/spring/appServlet/servlet-context.xml}', classes = '{}', contextInitializerClasses = '[]', activeProfiles = '{}', propertySourceLocations = '{}', propertySourceProperties = '{}', contextCustomizers = set[[empty]], contextLoader = 'org.springframework.test.context.support.DelegatingSmartContextLoader', parent = [null]]]
(DefaultContextCache.java:290) - Spring test ApplicationContext cache statistics: [DefaultContextCache@4e868ef5 size = 1, maxSize = 32, parentContextCount = 0, hitCount = 15, missCount = 1]
(DependencyInjectionTestExecutionListener.java:81) - Performing dependency injection for test context [[DefaultTestContext@13526e59 testClass = UserDaoJUnit, testInstance = com.pcwk.ehr.user.UserDaoJUnit@3d5790ea, testMethod = [null], testException = [null], mergedContextConfiguration = [MergedContextConfiguration@2235eaab testClass = UserDaoJUnit, locations = '{file:src/main/webapp/WEB-INF/spring/root-context.xml, file:src/main/webapp/WEB-INF/spring/appServlet/servlet-context.xml}', classes = '{}', contextInitializerClasses = '[]', activeProfiles = '{}', propertySourceLocations = '{}', propertySourceProperties = '{}', contextCustomizers = set[[empty]], contextLoader = 'org.springframework.test.context.support.DelegatingSmartContextLoader', parent = [null]], attributes = map['org.springframework.test.context.event.ApplicationEventsTestExecutionListener.recordApplicationEvents' -> false]]].
(DefaultCacheAwareContextLoaderDelegate.java:103) - Retrieved ApplicationContext [949684105] from cache with key [[MergedContextConfiguration@2235eaab testClass = UserDaoJUnit, locations = '{file:src/main/webapp/WEB-INF/spring/root-context.xml, file:src/main/webapp/WEB-INF/spring/appServlet/servlet-context.xml}', classes = '{}', contextInitializerClasses = '[]', activeProfiles = '{}', propertySourceLocations = '{}', propertySourceProperties = '{}', contextCustomizers = set[[empty]], contextLoader = 'org.springframework.test.context.support.DelegatingSmartContextLoader', parent = [null]]]
(DefaultContextCache.java:290) - Spring test ApplicationContext cache statistics: [DefaultContextCache@4e868ef5 size = 1, maxSize = 32, parentContextCount = 0, hitCount = 16, missCount = 1]
(DefaultCacheAwareContextLoaderDelegate.java:103) - Retrieved ApplicationContext [949684105] from cache with key [[MergedContextConfiguration@2235eaab testClass = UserDaoJUnit, locations = '{file:src/main/webapp/WEB-INF/spring/root-context.xml, file:src/main/webapp/WEB-INF/spring/appServlet/servlet-context.xml}', classes = '{}', contextInitializerClasses = '[]', activeProfiles = '{}', propertySourceLocations = '{}', propertySourceProperties = '{}', contextCustomizers = set[[empty]], contextLoader = 'org.springframework.test.context.support.DelegatingSmartContextLoader', parent = [null]]]
(DefaultContextCache.java:290) - Spring test ApplicationContext cache statistics: [DefaultContextCache@4e868ef5 size = 1, maxSize = 32, parentContextCount = 0, hitCount = 17, missCount = 1]
(AbstractDirtiesContextTestExecutionListener.java:108) - Before test method: context [DefaultTestContext@13526e59 testClass = UserDaoJUnit, testInstance = com.pcwk.ehr.user.UserDaoJUnit@3d5790ea, testMethod = beans@UserDaoJUnit, testException = [null], mergedContextConfiguration = [MergedContextConfiguration@2235eaab testClass = UserDaoJUnit, locations = '{file:src/main/webapp/WEB-INF/spring/root-context.xml, file:src/main/webapp/WEB-INF/spring/appServlet/servlet-context.xml}', classes = '{}', contextInitializerClasses = '[]', activeProfiles = '{}', propertySourceLocations = '{}', propertySourceProperties = '{}', contextCustomizers = set[[empty]], contextLoader = 'org.springframework.test.context.support.DelegatingSmartContextLoader', parent = [null]], attributes = map['org.springframework.test.context.event.ApplicationEventsTestExecutionListener.recordApplicationEvents' -> false]], class annotated with @DirtiesContext [false] with mode [null], method annotated with @DirtiesContext [false] with mode [null].
(DefaultCacheAwareContextLoaderDelegate.java:103) - Retrieved ApplicationContext [949684105] from cache with key [[MergedContextConfiguration@2235eaab testClass = UserDaoJUnit, locations = '{file:src/main/webapp/WEB-INF/spring/root-context.xml, file:src/main/webapp/WEB-INF/spring/appServlet/servlet-context.xml}', classes = '{}', contextInitializerClasses = '[]', activeProfiles = '{}', propertySourceLocations = '{}', propertySourceProperties = '{}', contextCustomizers = set[[empty]], contextLoader = 'org.springframework.test.context.support.DelegatingSmartContextLoader', parent = [null]]]
(DefaultContextCache.java:290) - Spring test ApplicationContext cache statistics: [DefaultContextCache@4e868ef5 size = 1, maxSize = 32, parentContextCount = 0, hitCount = 18, missCount = 1]
(UserDaoJUnit.java:56) - context:org.springframework.context.support.GenericApplicationContext@389b0789, started on Fri Dec 13 14:40:54 KST 2024
(DefaultCacheAwareContextLoaderDelegate.java:103) - Retrieved ApplicationContext [949684105] from cache with key [[MergedContextConfiguration@2235eaab testClass = UserDaoJUnit, locations = '{file:src/main/webapp/WEB-INF/spring/root-context.xml, file:src/main/webapp/WEB-INF/spring/appServlet/servlet-context.xml}', classes = '{}', contextInitializerClasses = '[]', activeProfiles = '{}', propertySourceLocations = '{}', propertySourceProperties = '{}', contextCustomizers = set[[empty]], contextLoader = 'org.springframework.test.context.support.DelegatingSmartContextLoader', parent = [null]]]
(DefaultContextCache.java:290) - Spring test ApplicationContext cache statistics: [DefaultContextCache@4e868ef5 size = 1, maxSize = 32, parentContextCount = 0, hitCount = 19, missCount = 1]
(DefaultCacheAwareContextLoaderDelegate.java:103) - Retrieved ApplicationContext [949684105] from cache with key [[MergedContextConfiguration@2235eaab testClass = UserDaoJUnit, locations = '{file:src/main/webapp/WEB-INF/spring/root-context.xml, file:src/main/webapp/WEB-INF/spring/appServlet/servlet-context.xml}', classes = '{}', contextInitializerClasses = '[]', activeProfiles = '{}', propertySourceLocations = '{}', propertySourceProperties = '{}', contextCustomizers = set[[empty]], contextLoader = 'org.springframework.test.context.support.DelegatingSmartContextLoader', parent = [null]]]
(DefaultContextCache.java:290) - Spring test ApplicationContext cache statistics: [DefaultContextCache@4e868ef5 size = 1, maxSize = 32, parentContextCount = 0, hitCount = 20, missCount = 1]
(UserDaoJUnit.java:418) - ==========================================================
(UserDaoJUnit.java:419) - =@After=
(UserDaoJUnit.java:420) - ==========================================================
(DefaultCacheAwareContextLoaderDelegate.java:103) - Retrieved ApplicationContext [949684105] from cache with key [[MergedContextConfiguration@2235eaab testClass = UserDaoJUnit, locations = '{file:src/main/webapp/WEB-INF/spring/root-context.xml, file:src/main/webapp/WEB-INF/spring/appServlet/servlet-context.xml}', classes = '{}', contextInitializerClasses = '[]', activeProfiles = '{}', propertySourceLocations = '{}', propertySourceProperties = '{}', contextCustomizers = set[[empty]], contextLoader = 'org.springframework.test.context.support.DelegatingSmartContextLoader', parent = [null]]]
(DefaultContextCache.java:290) - Spring test ApplicationContext cache statistics: [DefaultContextCache@4e868ef5 size = 1, maxSize = 32, parentContextCount = 0, hitCount = 21, missCount = 1]
(AbstractDirtiesContextTestExecutionListener.java:108) - After test method: context [DefaultTestContext@13526e59 testClass = UserDaoJUnit, testInstance = com.pcwk.ehr.user.UserDaoJUnit@3d5790ea, testMethod = beans@UserDaoJUnit, testException = [null], mergedContextConfiguration = [MergedContextConfiguration@2235eaab testClass = UserDaoJUnit, locations = '{file:src/main/webapp/WEB-INF/spring/root-context.xml, file:src/main/webapp/WEB-INF/spring/appServlet/servlet-context.xml}', classes = '{}', contextInitializerClasses = '[]', activeProfiles = '{}', propertySourceLocations = '{}', propertySourceProperties = '{}', contextCustomizers = set[[empty]], contextLoader = 'org.springframework.test.context.support.DelegatingSmartContextLoader', parent = [null]], attributes = map['org.springframework.test.context.event.ApplicationEventsTestExecutionListener.recordApplicationEvents' -> false]], class annotated with @DirtiesContext [false] with mode [null], method annotated with @DirtiesContext [false] with mode [null].
(DependencyInjectionTestExecutionListener.java:81) - Performing dependency injection for test context [[DefaultTestContext@13526e59 testClass = UserDaoJUnit, testInstance = com.pcwk.ehr.user.UserDaoJUnit@56913163, testMethod = [null], testException = [null], mergedContextConfiguration = [MergedContextConfiguration@2235eaab testClass = UserDaoJUnit, locations = '{file:src/main/webapp/WEB-INF/spring/root-context.xml, file:src/main/webapp/WEB-INF/spring/appServlet/servlet-context.xml}', classes = '{}', contextInitializerClasses = '[]', activeProfiles = '{}', propertySourceLocations = '{}', propertySourceProperties = '{}', contextCustomizers = set[[empty]], contextLoader = 'org.springframework.test.context.support.DelegatingSmartContextLoader', parent = [null]], attributes = map['org.springframework.test.context.event.ApplicationEventsTestExecutionListener.recordApplicationEvents' -> false]]].
(DefaultCacheAwareContextLoaderDelegate.java:103) - Retrieved ApplicationContext [949684105] from cache with key [[MergedContextConfiguration@2235eaab testClass = UserDaoJUnit, locations = '{file:src/main/webapp/WEB-INF/spring/root-context.xml, file:src/main/webapp/WEB-INF/spring/appServlet/servlet-context.xml}', classes = '{}', contextInitializerClasses = '[]', activeProfiles = '{}', propertySourceLocations = '{}', propertySourceProperties = '{}', contextCustomizers = set[[empty]], contextLoader = 'org.springframework.test.context.support.DelegatingSmartContextLoader', parent = [null]]]
(DefaultContextCache.java:290) - Spring test ApplicationContext cache statistics: [DefaultContextCache@4e868ef5 size = 1, maxSize = 32, parentContextCount = 0, hitCount = 22, missCount = 1]
(DefaultCacheAwareContextLoaderDelegate.java:103) - Retrieved ApplicationContext [949684105] from cache with key [[MergedContextConfiguration@2235eaab testClass = UserDaoJUnit, locations = '{file:src/main/webapp/WEB-INF/spring/root-context.xml, file:src/main/webapp/WEB-INF/spring/appServlet/servlet-context.xml}', classes = '{}', contextInitializerClasses = '[]', activeProfiles = '{}', propertySourceLocations = '{}', propertySourceProperties = '{}', contextCustomizers = set[[empty]], contextLoader = 'org.springframework.test.context.support.DelegatingSmartContextLoader', parent = [null]]]
(DefaultContextCache.java:290) - Spring test ApplicationContext cache statistics: [DefaultContextCache@4e868ef5 size = 1, maxSize = 32, parentContextCount = 0, hitCount = 23, missCount = 1]
(DependencyInjectionTestExecutionListener.java:81) - Performing dependency injection for test context [[DefaultTestContext@13526e59 testClass = UserDaoJUnit, testInstance = com.pcwk.ehr.user.UserDaoJUnit@a18649a, testMethod = [null], testException = [null], mergedContextConfiguration = [MergedContextConfiguration@2235eaab testClass = UserDaoJUnit, locations = '{file:src/main/webapp/WEB-INF/spring/root-context.xml, file:src/main/webapp/WEB-INF/spring/appServlet/servlet-context.xml}', classes = '{}', contextInitializerClasses = '[]', activeProfiles = '{}', propertySourceLocations = '{}', propertySourceProperties = '{}', contextCustomizers = set[[empty]], contextLoader = 'org.springframework.test.context.support.DelegatingSmartContextLoader', parent = [null]], attributes = map['org.springframework.test.context.event.ApplicationEventsTestExecutionListener.recordApplicationEvents' -> false]]].
(DefaultCacheAwareContextLoaderDelegate.java:103) - Retrieved ApplicationContext [949684105] from cache with key [[MergedContextConfiguration@2235eaab testClass = UserDaoJUnit, locations = '{file:src/main/webapp/WEB-INF/spring/root-context.xml, file:src/main/webapp/WEB-INF/spring/appServlet/servlet-context.xml}', classes = '{}', contextInitializerClasses = '[]', activeProfiles = '{}', propertySourceLocations = '{}', propertySourceProperties = '{}', contextCustomizers = set[[empty]], contextLoader = 'org.springframework.test.context.support.DelegatingSmartContextLoader', parent = [null]]]
(DefaultContextCache.java:290) - Spring test ApplicationContext cache statistics: [DefaultContextCache@4e868ef5 size = 1, maxSize = 32, parentContextCount = 0, hitCount = 24, missCount = 1]
(DefaultCacheAwareContextLoaderDelegate.java:103) - Retrieved ApplicationContext [949684105] from cache with key [[MergedContextConfiguration@2235eaab testClass = UserDaoJUnit, locations = '{file:src/main/webapp/WEB-INF/spring/root-context.xml, file:src/main/webapp/WEB-INF/spring/appServlet/servlet-context.xml}', classes = '{}', contextInitializerClasses = '[]', activeProfiles = '{}', propertySourceLocations = '{}', propertySourceProperties = '{}', contextCustomizers = set[[empty]], contextLoader = 'org.springframework.test.context.support.DelegatingSmartContextLoader', parent = [null]]]
(DefaultContextCache.java:290) - Spring test ApplicationContext cache statistics: [DefaultContextCache@4e868ef5 size = 1, maxSize = 32, parentContextCount = 0, hitCount = 25, missCount = 1]
(DependencyInjectionTestExecutionListener.java:81) - Performing dependency injection for test context [[DefaultTestContext@13526e59 testClass = UserDaoJUnit, testInstance = com.pcwk.ehr.user.UserDaoJUnit@396639b, testMethod = [null], testException = [null], mergedContextConfiguration = [MergedContextConfiguration@2235eaab testClass = UserDaoJUnit, locations = '{file:src/main/webapp/WEB-INF/spring/root-context.xml, file:src/main/webapp/WEB-INF/spring/appServlet/servlet-context.xml}', classes = '{}', contextInitializerClasses = '[]', activeProfiles = '{}', propertySourceLocations = '{}', propertySourceProperties = '{}', contextCustomizers = set[[empty]], contextLoader = 'org.springframework.test.context.support.DelegatingSmartContextLoader', parent = [null]], attributes = map['org.springframework.test.context.event.ApplicationEventsTestExecutionListener.recordApplicationEvents' -> false]]].
(DefaultCacheAwareContextLoaderDelegate.java:103) - Retrieved ApplicationContext [949684105] from cache with key [[MergedContextConfiguration@2235eaab testClass = UserDaoJUnit, locations = '{file:src/main/webapp/WEB-INF/spring/root-context.xml, file:src/main/webapp/WEB-INF/spring/appServlet/servlet-context.xml}', classes = '{}', contextInitializerClasses = '[]', activeProfiles = '{}', propertySourceLocations = '{}', propertySourceProperties = '{}', contextCustomizers = set[[empty]], contextLoader = 'org.springframework.test.context.support.DelegatingSmartContextLoader', parent = [null]]]
(DefaultContextCache.java:290) - Spring test ApplicationContext cache statistics: [DefaultContextCache@4e868ef5 size = 1, maxSize = 32, parentContextCount = 0, hitCount = 26, missCount = 1]
(DefaultCacheAwareContextLoaderDelegate.java:103) - Retrieved ApplicationContext [949684105] from cache with key [[MergedContextConfiguration@2235eaab testClass = UserDaoJUnit, locations = '{file:src/main/webapp/WEB-INF/spring/root-context.xml, file:src/main/webapp/WEB-INF/spring/appServlet/servlet-context.xml}', classes = '{}', contextInitializerClasses = '[]', activeProfiles = '{}', propertySourceLocations = '{}', propertySourceProperties = '{}', contextCustomizers = set[[empty]], contextLoader = 'org.springframework.test.context.support.DelegatingSmartContextLoader', parent = [null]]]
(DefaultContextCache.java:290) - Spring test ApplicationContext cache statistics: [DefaultContextCache@4e868ef5 size = 1, maxSize = 32, parentContextCount = 0, hitCount = 27, missCount = 1]
(DependencyInjectionTestExecutionListener.java:81) - Performing dependency injection for test context [[DefaultTestContext@13526e59 testClass = UserDaoJUnit, testInstance = com.pcwk.ehr.user.UserDaoJUnit@62573c86, testMethod = [null], testException = [null], mergedContextConfiguration = [MergedContextConfiguration@2235eaab testClass = UserDaoJUnit, locations = '{file:src/main/webapp/WEB-INF/spring/root-context.xml, file:src/main/webapp/WEB-INF/spring/appServlet/servlet-context.xml}', classes = '{}', contextInitializerClasses = '[]', activeProfiles = '{}', propertySourceLocations = '{}', propertySourceProperties = '{}', contextCustomizers = set[[empty]], contextLoader = 'org.springframework.test.context.support.DelegatingSmartContextLoader', parent = [null]], attributes = map['org.springframework.test.context.event.ApplicationEventsTestExecutionListener.recordApplicationEvents' -> false]]].
(DefaultCacheAwareContextLoaderDelegate.java:103) - Retrieved ApplicationContext [949684105] from cache with key [[MergedContextConfiguration@2235eaab testClass = UserDaoJUnit, locations = '{file:src/main/webapp/WEB-INF/spring/root-context.xml, file:src/main/webapp/WEB-INF/spring/appServlet/servlet-context.xml}', classes = '{}', contextInitializerClasses = '[]', activeProfiles = '{}', propertySourceLocations = '{}', propertySourceProperties = '{}', contextCustomizers = set[[empty]], contextLoader = 'org.springframework.test.context.support.DelegatingSmartContextLoader', parent = [null]]]
(DefaultContextCache.java:290) - Spring test ApplicationContext cache statistics: [DefaultContextCache@4e868ef5 size = 1, maxSize = 32, parentContextCount = 0, hitCount = 28, missCount = 1]
(DefaultCacheAwareContextLoaderDelegate.java:103) - Retrieved ApplicationContext [949684105] from cache with key [[MergedContextConfiguration@2235eaab testClass = UserDaoJUnit, locations = '{file:src/main/webapp/WEB-INF/spring/root-context.xml, file:src/main/webapp/WEB-INF/spring/appServlet/servlet-context.xml}', classes = '{}', contextInitializerClasses = '[]', activeProfiles = '{}', propertySourceLocations = '{}', propertySourceProperties = '{}', contextCustomizers = set[[empty]], contextLoader = 'org.springframework.test.context.support.DelegatingSmartContextLoader', parent = [null]]]
(DefaultContextCache.java:290) - Spring test ApplicationContext cache statistics: [DefaultContextCache@4e868ef5 size = 1, maxSize = 32, parentContextCount = 0, hitCount = 29, missCount = 1]
(DefaultCacheAwareContextLoaderDelegate.java:103) - Retrieved ApplicationContext [949684105] from cache with key [[MergedContextConfiguration@2235eaab testClass = UserDaoJUnit, locations = '{file:src/main/webapp/WEB-INF/spring/root-context.xml, file:src/main/webapp/WEB-INF/spring/appServlet/servlet-context.xml}', classes = '{}', contextInitializerClasses = '[]', activeProfiles = '{}', propertySourceLocations = '{}', propertySourceProperties = '{}', contextCustomizers = set[[empty]], contextLoader = 'org.springframework.test.context.support.DelegatingSmartContextLoader', parent = [null]]]
(DefaultContextCache.java:290) - Spring test ApplicationContext cache statistics: [DefaultContextCache@4e868ef5 size = 1, maxSize = 32, parentContextCount = 0, hitCount = 30, missCount = 1]
(AbstractDirtiesContextTestExecutionListener.java:143) - After test class: context [DefaultTestContext@13526e59 testClass = UserDaoJUnit, testInstance = [null], testMethod = [null], testException = [null], mergedContextConfiguration = [MergedContextConfiguration@2235eaab testClass = UserDaoJUnit, locations = '{file:src/main/webapp/WEB-INF/spring/root-context.xml, file:src/main/webapp/WEB-INF/spring/appServlet/servlet-context.xml}', classes = '{}', contextInitializerClasses = '[]', activeProfiles = '{}', propertySourceLocations = '{}', propertySourceProperties = '{}', contextCustomizers = set[[empty]], contextLoader = 'org.springframework.test.context.support.DelegatingSmartContextLoader', parent = [null]], attributes = map['org.springframework.test.context.event.ApplicationEventsTestExecutionListener.recordApplicationEvents' -> false]], class annotated with @DirtiesContext [false] with mode [null].
(AbstractApplicationContext.java:1063) - Closing org.springframework.context.support.GenericApplicationContext@389b0789, started on Fri Dec 13 14:40:54 KST 2024
